Drug Name,Condition,Rating,Content
Vancomycin,Surgical Prophylaxis,10,"""I was given an IV dose of Vancomycin (due to allergies of other preferred choices), before my total knee replacement in June 2017. I had no reaction to Vancomycin, with no issues with TKR/recovery. My surgery (including all medicine while in hospital) was covered 100%, due to my work insurance using a Center of Excellence program."""
Montelukast,"Asthma, Maintenance",10,"Singulair (montelukast)""I have used this drug for over 15 years. I have asthma triggered by inhalants and the original version has totally controlled my symptoms. I used the generic when it came out because of cost. I started having mild asthma symptoms within a few days. When my local Target switched to another generic I developed hypersensitivity pneumonitis which was diagnosed after over $20,000 in lab work and a bronchoscopy. Back on original singulair..and no problem again. It really controls my asthma and allergic reactions."""
Diovan,High Blood Pressure,10,"""I took Lisinopril for about a year and a half. I coughed so bad all the time I could not stand it any longer. Stopped up head and hard to breathe. 

My doctor changed me to Diovan 160mg and I have been on it for 2 months now and my head has cleared and my cough is completely gone. My blood pressure has been in the. 110's over 60's. So far I am very happy with Diovan!!!"""
Symbicort,"Asthma, Maintenance",3,"""Given Symbicort inhaler after Urgent care sent me to hospital for severe asthma. Symbicort took forever (2 1/2 weeks) to help, and then, only slightly. 
Back started aching 3rd day I was on it. Just figured, at first, it was from trying to sleep in hospital bed. Head ached, too, though. Joints started aching soon after. Two weeks later, Symbicort seemed to help enough to maybe use the ProAir, or nebulizer, a couple times less during the day. But, still needing it, at times.
Back/joints/ headache continued after all other meds from hospital discharge finished. Plus, short of breath a lot, with achiness in upper chest a week or so ago. Stopped Symbicort Sunday night. Now Wednesday, and already feeling better."""
Junel,Birth Control,7,"Junel Fe 24 (ethinyl estradiol / norethindrone)""I took Junel Fe 24 for a few months after switching from Lo Loestrin Fe. My periods were very irregular- maybe once every 3 months. They were light and usually only lasted like 2 days. They helped keep my skin clear which was a plus. My sex drive came back after I switched from the Lo Loestrin. My anxiety was still pretty bad. I had increased appetite and gained another 10 pounds. I was always bloated. I think I'm going to find another birth control."""
Alprazolam,Anxiety,10,"Xanax (alprazolam)""I had anxiety so bad from work I felt like I was going to have a heart attack. I didn't take it until I got home from work because it made me sleep. I was on it for 6 weeks and I noticed I had an addiction to it. I was hurrying home after work to take it (no, really doctor, I can stop it any time I want to). My doctor said to stop taking it. I was awake for 3 days but I did it. I know now that I needed to reduce it a little at a time because I had been taking a high dose for a while. It's a life saver for bad anxiety, just watch the dosage and be careful about how long you are taking it. If you keep those 2 things in mind it's the best anti-anxiety medicine."""
Prozac,Depression,10,"""Prozac has saved my life. I was unable to function normally and was very irritable. I have been taking it for 5 months and it is amazing. Other than not feeling hungry and feeling numb to things that formerly made me irate. I have had no bad side effects. I am finally living. Only wish I had the nerve to take it 10 years ago. I missed out on so much due to my severe depression."""
Oxycodone and acetaminophen,Chronic Pain,6,"""My physician switch me from Norco 10_325 to Percocet 7.5)325. And it takes the pain away form my osteoarthritis. A lot better then the Norco. But that's my opinion and everyone reactions different. """
Viibryd,Major Depressive Disorder,10,"""I’ve been on multiple meds over 20 years for depression that would work well , then eventually stopped helping. This medication has resolved my depression and anxiety. I had loose stools at first but it eventually stopped. No other side effects. I’m sorry to hear all of the side effects people are having. Each person has very individual responses to all meds and you won’t know until you try them . In the past, with different meds, I found if I waited a month, most side effects resolved . It’s been a life saver for me !"""
Emgality,Migraine Prevention,1,"""I took the 2 injections initial dose and felt fine! Then I started noticing dizziness, but my headache seemed to ease off. But my period was irregular. Very uncommon for me I am always regular! I took the next month injection and my tongue started to feel funny kind of tingly all the time. Dizziness increased,  constipation started, tiredness and headache started back. My hair started falling out, I bruise very easily and stay cold all the time. The side effects are awful,  even though my neurologist said there are not really any side effects.  So totally not worth it! Don't try it! I read somewhere it takes 5 months for the medication to leave your body so hopefully some of these side effects will soon stop!!!"""
Venlafaxine,Generalized Anxiety Disorder,10,"""I have been on 150 mg Effexor for 5 months now - slowly increased from 37.5 to 75 to 117.5 to 150. It has truly been so helpful for my GAD and health anxiety. I have been diagnosed with OCD in the past (Pure O) and I don’t know if that was an accurate diagnosis but I will say that this has been immensely helpful for intrusive anxious thoughts and rumination. I do not have any lasting side effects, but it did make me a bit “spacey” and nauseous at first. Don’t let bad reviews scare you off if you have treatment-resistant OCD, anxiety, or depression. It’s worth a go!

I tried Luvox, Anafranil, and Prozac with limited success before starting this, just FYI."""
Invega,Schizophrenia,4,"""Invega did work to keep me from relapsing into psychosis. Also the injection makes it ideal for people who might tend to forget or stop taking medication. I have had some minor issues like diminished sex drive (also times whenI couldn't produce any semen), blurry vision and weight gain. However, soon after taking this medication I developed a depression. My depression has varied from severe mental agony for entire days to its current more anhedonic state. It is debilitating to say the least. After holding on for five months I will try to switch back to Seroquel which in the past has left me more stable while also getting rid of any symptoms related to psychosis. 

I am however not sure how much of the depression was caused by this medication."""
Lexapro,Generalized Anxiety Disorder,9,"""Have been on Lexapro Brand Name since Parkinsons diagnosis 15 years and it has been working solidly in the background.  Initially 10 mg and upped to 20 mg about 4 years ago.  Insurance no longer covering 50% and manufacturer assist program just canceled the program.

Have tried generics in the past with terribly disturbing side effects but might be forced to try again.  Can anyone recommend a solid Lex generic version from a US manufacturer or any relevant info.  Thanks and feel good."""
Hydroxyzine Pamoate,Anxiety,1,"""No different than benadryl they literally game me a drug to combat itching cause by allergies for anxiety and wonder why I have anxiety ..0 out of 10 is my rating doesn't do nothing but make me more irritable and worsen my conditions...smh ..."""
Tamiflu,Influenza,7,"""I commented below recently using the name MaryO12086. I'm on my last day of pills and wanted to give an update.  When I first started taking these pills I got the worst headaches and felt extremely tired and weak which would last for 3 hours but on my third day of taking the pills this no longer happened. I started feeling a lot better! I'm now on day 5 (last day) of the pills and I feel great. There is one other issue that I now have though. On day 3 of taking the pills I developed some type of irritation on the roof of my mouth. I'm stuck eating bananas, bread, and avocados because everything else touches the irritation and stings really badly. This is my last day of taking tamiflu so I'm hoping that after I'm done it will heal and I can go back to living life normally! The side effects of these pills suck but they did work for me which is why I now give them a 7/10. The flu is really scary this year so I'm glad I was able to finish my course."""
Ativan,Anxiety,10,"""I am claustrophobic and required an MRI.  The one tablet I took prescribed by my dr. Helped me get through this 1 hr 45 min process.  I am grateful."""
Hydrocortisone topical,Hemorrhoids,1,"""I am using this cream since last 20 days..but no effect"""
Omeprazole,Laryngopharyngeal RefluxOff-label,1,"""This medicine is worse than the acid reflux itself. I had no symptoms of GERD other than a bad cough (which I believe was asthma anyway). I was prescribed 40MG daily for one month. The first 2 weeks were fine. however, I began to develop severe anxiety and insomnia. Worst of all, I began to feel a knot in my throat which wouldn't allow me to eat --anything for DAYS and WEEKS! I lost nearly 15+ pounds during the time I took this medicine. I then got a panic attack on a plane (I fly A LOT and this has never ever happened). When I get to the urgent care later that day, my blood pressure was through the roof. This was my last straw. I stopped taking it after that. The anxiety that I developed while taking omeprazole has slowly been going away. I recommend everyone to google omeprazole and anxiety and you will read about THOUSANDS of people complaining about similar experiences. Please don't take this and if you can, try a holistic approach."""
Amitriptyline,Migraine PreventionOff-label,9,"Elavil (amitriptyline)""My migraines went from several a week to once a month. It is sedating and it also serves as a mild sleep aid."""
Suboxone,Opioid Use Disorder,9,"""I was on methadone for 10 yrs quitting cold turkey at 80mg in Dec 2015. I lasted about 4 days then started using heroin again. Jan 2 I went into detox, got out the 10th and was still in wds from the methadone. Went 3 weeks struggling really bad, started shooting again then finally gave suboxone a try 1 week ago. I feel amazing besides the constant sweats I get. Methadone withdrawal is the worst wd I ever experienced. I know I'm not looking to come off suboxone. I know for me that I will always need ""something"". If I can take a legally prescribed medication that will help me not to shoot heroin and make my life unmanageable then I will continue to take it. So far suboxone has done good by me, why would I stop it."""
Aimovig,Migraine Prevention,2,"""I started  Aimovig in May. It was really cutting down on my migraines, but the other side effects were terrible. When I first started it the only side effect listed was constipation.  I have been to the doctor and had several tests ran checking my thyroid, rheumatoid factor, hemoglobin, but everything seem to be OK. I had severe fatigue, joint pain in my hands and knees, brain fog, weight gain,  depression, you name it. I thought something was seriously wrong with me. I was due to take it nine days ago again, but I held off to do more research. I have been reading that other people have been having similar symptoms. I think I will go back to having migraines several times a month. It has got  to be better than what I am experiencing now. Today is the first day I actually had a little bit of energy and was able to look up some of the other peoples side effects. I would not recommend this drug."""
Gabapentin,AnxietyOff-label,10,"""I've had anxiety for a years, and panic a lot. I lost my job and partner in the same week (2 weeks before Xmas). Took my first tablet 4 hours ago and already I can think straight, concentrate, and I'm not up tight! Clearheaded."""
Venlafaxine,Depression,7,"""I just started taking it within the last few days, and I have been so nauseated since then. My head feels a little cloudy, too. I'm really hoping those side effects go away soon."""
Sertraline,Depression,1,"Zoloft (sertraline)""I know everyone is different and medication affects everyone differently but here goes. I started off on this for insomnia and anxiety and mild depression. Took 25mg for 1st week then up to 50mg for the next 10 days. The side affects got to much for me insomnia worse and the night sweats where horrendous not to mention the very low libido. I'm back on mirtazapine now and sleeping loads better and back to work. I wanted to stick it out but the side effects was way to much for me!!"""
Clonidine,ADHD,9,"""I (age 28) take clonidine for a few things— I have ADHD (combined type but more affected by my inattentive symptoms), bipolar disorder, generalized anxiety, OCD, complex PTSD, Autism, tics
It works for me quite well, especially in terms of generalized anxiety (the very physical symptoms) and ADHD. It’s even helped me take the edge off of hypomania (bipolar). My only complaint is that I take it morning and night and I’ve noticed my blood pressure spiking midday, and wondering if my new blood pressure issue is related to the drug withdrawing or a separate issue altogether (I am overweight). Will be checking into that. Either way, clonidine .1 twice a day works for me alongside several other drugs— Effexor Xr, Rexulti, Depakote ER, Concerta, and Vistaril, as needed."""
Gabapentin,Reflex Sympathetic Dystrophy SyndromeOff-label,1,"""I've had Complex regional pain syndrome (CRPS) in my ankle/foot for about 9 yrs now work injury. 1st thing tried was cortizone shots directly in my ankle then after diagnosis I was given ext release morphine an vicodin for break through pain. Due to one of my more unpleasant an turned out dangerous side effects I have which is the random feeling of lots of ants or spiders running all over my Foot & Leg biting me It feels so real that twice I ignored the feeling an found I was really being attacked by dozens of ants Doc decided to add Gabapentin and even thou that side effect has tapered off I had no real improvement I stopped taking it after 4 months. For about 5 yrs now I've been taking exalgo, dilaudid, flexaril, & cymbalta this combo has helped the most for me so far"""
Zoloft,Depression,1,"""I have taken a few antidepressants just looking for perfect fit. DO NOT TAKE ZOLOFT my side effects were so severe I have been out of work for 2 weeks. Prozac was probably the best. My experience was so bad that I now take 0 meds because of the ill effects. I can give you pointers on natural remedies."""
Singulair,Allergic Rhinitis,10,"""Works great for my allergies - nothing else has."""
Sertraline,Depression,8,"Zoloft (sertraline)""I was placed on zoloft after being on citalopram for 3 years. I was on 25 mg Zoloft for about a week and bumped to 50mg for 21 days. Then bumped to 75 mg where I’ve been for 3 weeks. So about 7 weeks total. My anxiety is gone & I’m way more mellow. I had two job interviews and didn’t have any panic or meltdowns. So that’s great. I noticed I’m way more apathetic and that my libido is gone. I still have days where I’m empty feeling (even though I have tons of friends and family that I adore) and where I cry. I also feel very spacey at times. I function okay I think and I am able to take care of errands, the household, and my child. I may lower back down to 50mg if I continue to feel numb on 75 mg after 8 weeks. This medicine isn’t scary, don’t be afraid to try it. Please also remember that it takes months for it to start working and some people stop taking this medicine early before it could of begun to help."""
Midazolam,Light Sedation,1,"Versed (midazolam)""I had a vertebroplasty done on two back fractures.  Have had versed in past and worked fine.   Not this time. I felt every minute of dr working  on me.   Not sure it worked in past but not this time"""
NuvaRing,Birth Control,7,"""I am 22 and have been using the Nuvaring for almost 3 months.  At first I loved it.  It was so convenient.  I always forgot to take the pill so I wanted to try something that I could forget about.  I'm not experiencing anything extreme but I am not a very emotional person but sense I have started the Nuvaring I am either extremely happy or something little will make me cry or want to throw a fit.  I realize it so I can usually get myself stopped but sometimes its too late!  Also I have been very tired.  I am not completely sure this is because of the ring but I think it is.  Also I am bloated all the time and I never used to be!  I wouldn't say this product is horrible but for me it isn't worth the inconvenience either."""
Nexplanon,Birth Control,2,"""I have been on Nexplanon for 1-2 years now. When I first got it, I started bleeding extremely heavy every single day for 7 months straight, NON STOP. My periods then went up and down from super heavy to spotting every day. Ten months in, I started having extreme, horrible pains in my lower abdomen and stomach. I was getting very bloated and having pains so bad I had to curl up in a ball. I also have extreme pain with sex. I have to stop my partner in the middle of it and got to the point where I’m terrified to have sex. Though, I rarely have a sex drive anymore and was dry or bloody anyway. Mood swings have been up and down affecting my relationship. I now have depression and anxiety has become worse to the point where I am on medication and my doctor suggested a therapist. I went to obgyn for the stomach pain and she said, “it’s definitely not the birth control.” I wasn't so sure. I really do not recommend Nexplanon AT ALL. Getting removed!"""
Losartan,High Blood Pressure,4,"""Just started losartan 50mg I do know it takes time to work especially having blood pressure going as high as 158/113. The only side affect so far for me is dizziness which I had before taking this medication which doctor seems to think it is the blood pressure and vertigo making the dizziness. But do see some change in blood pressure after taking the medicine I can get my pressure down as low as 128/84 but throughout the day I get readings as high as 124/102. I hope this medicine will eventually get my pressure back down to normal range with in a couple of weeks but is being closely monitored by my doctor."""
Clobex,Dermatitis,10,"""After just 3 days of using this I'm starting to see significant clearing on the inside of my elbow where a stress rash got out of control. I might not need to even use it for the whole 2 weeks and be able to save it for next time!"""
Guanfacine,ADHD,8,"Intuniv (guanfacine)""My adopted 13 y.o. son has fetal alcohol syndrome causing severe ADHD and failure to thrive. Has been on Concerta for four years. For years his special Education teachers let him run around in the halls to tire him out and lessen the hyperactivity. Even with the Concerta at 36 mg he was extremely hyper. He started Intuniv about a year ago, takes 3 mgs per day plus a reduced Concerta dose (18 mg). No side effects of note. He seems to be doing better hyperactivity wise in school, but I have not noticed a big difference at home. I also still have big problems with him homework-wise too. At 10 y.o. he weighed 60 lbs, with reduction in Concerta dose, he's finally gaining weight (13 y.o., 91 lbs) so that's the trade off we're making."""
Bupropion,Depression,6,"Wellbutrin (bupropion)""I am on day 3 of wellbutrin. I have a special 70mg doseage as in Europe not easily available. I did day 1 and day 2 on 35mg. I just slept all the time and thankfully was the weekend so off work. I felt so great though apart from being zombie. Was hungry alot too. Day 3 - I've taken 35mg morning now my second 35mg at evening. Am wondering will the sleepiness go away? I've tried loads of SSRI'S and SRNI's and just sleep all the time on all of them. Very frustrating as I know lots of people who are on anti depressants and they don't have the zombie affect and it really improves the quality of their lives. Am probably going to have to come off anti depressants as no quality of life with the zombie affect. Any advice be appreciated. :("""
Wellbutrin XL,Depression,10,"""I never thought I would find a medication that worked for me. I was prescribed SSRI’s, hydroxizine, and adderall for ADHD, depression, and anxiety. All of these meds made everything worse, and I felt I couldn’t trust doctors, so naturally I was reluctant at first when I was prescribed Wellbutrin XR 150 mg. I was desperate though and needed help. I took it for the first time, and within days I was able to get out of bed. I went from one of the lowest points in my life to being happy and feeling like myself again after years of self medicating. This medication also helped me to get off of other substances and focus on my mental health. It works wonders for my ADHD, depression and anxiety. I feel like me again. I feel alive again. I feel emotion again. I had almost forgotten what that was like, but this medication reminded me. Truly a godsend."""
Junel,Birth Control,10,"Lo Loestrin Fe (ethinyl estradiol / norethindrone)""I absolutely loveee this birth control. My first birth control was newer and called taytulla. It was awful and made me super depressed as well as worsened my acne. After that I was so nervous to switch birth controls but this one has made my life so much better! My periods are shorter, my anxiety has lessened than before I was even on birth control, and I  don’t break out besides on my period. If it doesn’t work for others remember it could work for you! I love this so much! ( I also know a lot of people on it who loved it! )"""
Levothyroxine,Hashimoto's disease,1,"Synthroid (levothyroxine)""T4 only did not work for me, my body could not convert the T4 to the needed T3"""
Mavenclad,Multiple Sclerosis,9,"""This was my 7th therapy. I am currently on NO therapy and my scans are good, MS symptoms are minimal 36 months after. My doctor is pleased. This medication was exactly as my nurse educator explained. Slight fatigue for a few months, headache during and right after taking. My lymphocytes dropped by 50% or so but all else was fine. I actually felt good- better than I have in years- after my first year. My cog fog lifted. Year two was similar. 
I highly recommend meeting with your local nurse for education because I did not really understand how the medication worked in the body until she simplified it. This was so helpful. I don’t think most doctors take the time to explain - I was just given a broad overview brochure and then left to my own devices. I was scared at first.  Also, MS Lifelines handled out-of-pocket costs for me and my nurse made it not so scary. Note -It took a long time to get it approved, but worth it! A+"""
SoluMEDROL,Inflammatory Conditions,10,"""I was diagnosed with acute laryngopharyngitis which inflamed my throat, tonsills, and mouth. My body didn't react to amoxicillin so I went a whole weekend in severe pain. Wentt to my docs office at 10am Monday, was hospitalized by 1pm, Solu Medrol by 2pm and pain free by 7pm. Over the course of three days I was very moody, stomach and chest pain, constipation, and never slept but once discharged after 3 days of treatment I was back to my old self within 48hours. The side effects are bad but the effects are heaven sent for pain and inflammation. I have heard the same about Multiple Sclerosis and gout sufferers. God bless you all!"""
Mounjaro,Weight Loss (Obesity/Overweight),10,"""Having muscle wasting after 6 months. No other issues. Down thirty pounds in 6 months."""
Triamcinolone,Osteoarthritis,10,"Zilretta (triamcinolone)""My doctor gave me Zilretta almost 7-8 months ago. I have osteoarthritis, my left knee is almost bone-on-bone. My doctor and Zilretta saved me from hell on earth. I thought that this medication must be a quick fix, no side effects, no icing the knee every 4 hours a day. But Zilretta is a force to be reckoned with; once injected in the knee, it goes where it's supposed to be. That's the power of Zilretta. God bless the mind and hands that created this miracle drug for people like me. I just got my second injection as I told you 7 or 8 months ago, and I am feeling relief. Since 11 am, it is now 6:15 pm, and I could walk at least 3 blocks. Zilretta is fast and to the point, no fuss, no muss, and I am a great-grandma; my great-granddaughter is in her first year of high school. She called me about an hour ago, asking how does your knee and you feel? Like a champ, she stated Zilretta again."""
Tramadol,Pain,2,"""This medicine did get rid of my pain from a fall.  However, I took it as directed and only had 100mg in my system.  I was woken up approximately 2 hours after the second pill with bad stomach pains and proceeded to have adverse reactions including cold sweats, clammy skin, dizziness which went into vertigo which lasted some 18 hours and I am still not completely stable.  I expect that the fact that I have not been on any prescription pain killers for over 30 years may have something to do with my reaction.  However, the reaction was worse than the original pain."""
Dulaglutide,"Diabetes, Type 2",2,"Trulicity (dulaglutide)""After 4 weeks of using it, I haven't lost any weight.  I feel extremely tired, and I will ask to blood analysis because I have felt terrible . This is not for me."""
Cipro,Cholera,10,"""This medication really helps. """
Hydromorphone,Pain,10,"Dilaudid (hydromorphone)""This is wonderful for pain management.This is a drug thaght actually KILLS pain!

But be warned, it does have a high potential for addiction.

It truly took all my pain away."""
Qbrexza,Hyperhidrosis,4,"""Worked a little bit too well, always try before you buy! I got a sample of Qbrexza from my dermatologist. I followed the directions (washing my hands to make sure it didn’t get into my mouth or eyes), used it on my underarms and within 4 hours I had a super dry throat! Could barely talk. When I woke up the next day, it was the worst thing ever. My mouth and throat were so dry and swollen I felt like I was choking trying to breathe. I couldn’t drink anything because it hurt so badly to swallow. My tongue was bright white and my eyes bright red. Everything hurt so badly I wanted to cry (but I couldn’t)! It worked well for sweating, but I recommend you try it out to see how you react before getting a full prescription... As someone who tends to be a bit more sensitive to drugs and a teen,  I will not continue using :("""
Metronidazole,Bacterial Vaginosis,10,"""Ladies!!
I have reoccurring BV and this is a lifesaver! The only downside is the nasty, metallic bitter taste ((drink with super cold milk or a milkshake!) and sometimes it’ll trigger a yeast infection :( other than that, my vagina is ODOR FREE and I feel so confident!!! BV makes me self conscious but this is amazing! I wish it wasn’t an “antibiotic” but a daily pill"""
Tirzepatide,"Diabetes, Type 2",10,"Mounjaro (tirzepatide)""It is easy to use and I have great hope it will help me with my Type 2 diabetes. And obesity."""
Slynd,Birth Control,5,"""I went on this pill to help regulate my periods as they were all over the place with PoPs. Slynd did make them more regular but I had really bad anxiety and even suicidal thoughts (which I've never had before) while taking this. I've since switched back to PoPs and my anxiety and mood have significantly improved."""
Tranexamic acid,Menstrual Disorders,8,"""Very heavy period after the birth of my 4th child. Was prescribed this for the heavy bleeding two tablets  3x per day.  I don't even have to take as prescribed. Two  tablets once per day is all I needed, the bad thing is my insurance don't cover this and my doctor suggested a surgery to thin out the lining of my cervix which I am terrified to do. Once I can pay for it out of pocket I will be fine with less bleeding days and light to normal flow with no anemia."""
Levonorgestrel,Birth Control,1,"Skyla (levonorgestrel)""So I got my skyla inserted and it was honestly the worst pain of my entire life. My doctor had told me that I would feel some cramping but during and especially after I could not even breathe. I sat up after it was over and started sweating, my ears started to ring and I then passed out! When I woke up I was in the worst pain I have ever felt. I drove myself to the doctor but I had to have someone come get me because I couldn't even stand up. The rest of the day I had extreme cramping. Still debating on whether to take it out or not because it doesn't feel comfortable."""
Naltrexone,Alcohol Use Disorder,10,"Vivitrol (naltrexone)""2 years sober from deadly chronic alcohol dependence.  I owe it all to Vivitrol. Buys me 30 days at a time, and I just celebrated 2 years FREE."""
Jolessa,Birth Control,3,"""The first month went smoothly. The second month is when the side effects started. I had a DARK brown (not the usually dark post period blood) but brown brown discharge and terrible headaches. After two weeks of this madness, I stopped taking them! I read on other sites that this has happen to numerous other females. It was gross— I’m never taking this again! I still have the headaches two days off the pill."""
Rosuvastatin,High Cholesterol,3,"""I'm vegetarian overall good diet, but not perfect. I am thin,66 years old and a non smoker, non drinker. 
But I am on other meds for asthma and stomach problems.I started this statin and from two hours after first dose (5).I got very bad stomach acid. It went of in day time but came back two hours after tablet every night, all night. Then after day three stiffness and pain in knees also.  Is it worth it? I feel desperate."""
Insulin Detemir,"Diabetes, Type 2",10,"""I've been using Levemir for several years now to control my Type II Diabetes.  It has been doing a fantastic job.  It keeps my A1C levels below 7 and my morning sugar levels are usually below 100.  When I first started using Levemir I was at 24 units but as the years went by I've had to increase the doasge up to where I am at now to 38 units.  But it is working!  Every once in a while I may get a little itching at an injection site but no other side effects! I had been on all the oral glycemics and other injectable insulins before, but nothing had controlled my diabetes like this."""
Colazal,Ulcerative Colitis,1,"""I took this for about 6-8 month and had the worst flare of my life. Spent 7 days in the hospital."""
Linzess,Irritable Bowel Syndrome with Constipation,9,"""Linzess had huge impact on my quality of life. You have to be careful to follow the dosing restrictions. Food within a certain period of dosing especially fatty food will elicit an expedited response from the medicine. This means that the symptoms you may feel which normally might be strung out over a period come fast and hard. I began eating oatmeal for breakfast every day. One high fiber package and one normal. I also keep miralax on hand to fine tune my GI system. Altogether, this medicine used correctly can make a vast difference. I sometimes worry that I have to use this medicine to feel normal but until they come up with something better for IBS-C it's about as good as it gets."""
Losartan,High Blood Pressure,1,"""Pain in my neck and head. Also have a lot of mucus and my muscles are very stiff."""
Alprazolam,Panic Disorder,1,"Xanax XR (alprazolam)""Xanax regular kind worded so well for me and my panic disorder. Now my dr put me on the Xanax ER and it does not work at all. I don't know why the dr changed me from regular Xanax when it was working so well."""
Tirzepatide,Weight Loss (Obesity/Overweight),8,"Mounjaro (tirzepatide)""I can really tell that this medication really works based on my eating habits. I get full faster when I eat, and my clothes are beginning to sag on me."""
Lamotrigine,Bipolar Disorder,10,"""I had taken many antidepressants and they never worked. I finally had such a severe depression I was debilitated and would cry for hours a day so I finally went to a Psychiatrist and was diagnosed with Bipolar II and prescribed lamotrigine (generic lamictal) and within a month the severe depression had lifted and it's been gone ever since, that was 10 years ago. Of course I still have lows being bipolar but it is no where near what I had experienced prior to lamictal. My depression and bipolar is manageable with lamictal alone except when I get hypo manic and even then it's manageable without additional meds. It saved my life and I will take it forever."""
Gabapentin,PainOff-label,1,"""I was prescribed Gabapentin for horrible, 24/7 MS pain, 300 mg 3x a day at first. It did nothing for the pain, and I spent the entire month I was on it feeling like I was drunk or on a bad 60s type acid trip; I dizzy, staggering, confused, nauseated. My doctor said to give medications a fair chance to work and the side effects should only last a week or so. She increased the dose to 600mg 3x a day when I got no relief from the pain. After a month I couldn't stand the awful side effects any more and was still in pain so I just quit taking it."""
Nicotine,Smoking Cessation,10,"Nicorette (nicotine)""Smoked daily for 15 years around a packet. I am now on my second week of quitting. It is terrible in the morning without the coffee and the cigarette. 
I am using around 7 pieces of the gum daily, using the chew and park method. 
It helps me really good, not thinking about smoking that much more on to chewing now. 
It certainly helps to manage the cravings and the anger."""
Mirtazapine,Major Depressive Disorder,10,"""When escitalopram stopped working then adding Mirtazapine saved me..It works best in Treatment resistant depression."""
Jublia,"Onychomycosis, Toenail",5,"""I'm a foot care nurse. A patient's doctor prescribed this. I debride her nails to reducing the thickness with sterile tools.

It'll take at least a year to go away as it takes a year for toe nails to grow out. Fungus lives in the nail bed.  Unless we debride nails the fungal ointment won't easily get in to kill the fungus.

Regular foot care via a foot nurse, podiatrist or chiropodist is important as we're the foot specialist's.  

Medical doctor is important if you want prescribed ointments ongoing, 
 otherwise get over the counter fungo nail.
Plus for diabetics foot screenings each year via the doctor, as well as via your foot specialists is very important as foot ulcers that lead to amputations is fully prevented this way.

Have patience as no fast fix with fungal nails.  It's a rotten nail, the new one is growing underneath.  The ointment will prevent the new one also going fungal must be applied twice daily until it's fully gone and that will likely be at least a year."""
Clonazepam,AnxietyOff-label,10,"""So, I used to have pretty debilitating anxiety. When I finally went to my doctor, he diagnosed me with a panic disorder and gave me clonazopam. Like any other drug of this sort, how responsible you are with medicine should determine if you take this or not. He gave to to me and told me to take it once at night when I went to bed, and then as needed if I was having a panic attack. This made me a little bit drowsy in the morning, so I stopped taking it at night and switched to just as needed which he said was fine. I have 1mg tablets, and take 1/2 at a time. I TRULY TAKE THIS AS NEEDED, and have never needed to increase my dose. At sight of a panic attack (maybe 3x a month now, used to be everyday) I take one, and it goes away."""
Paragard,Birth Control,10,"""I needed an IUD because I am terrible at remembering pills and my husband and I don't even know if we want kids. And this may be TMI, but we hate condoms, and while he was excellent control and always pulled, it's still a little nerve wracking. So we thought we would try this. 
I'll admit, it hurt a lot when they put it in. It helped that my dr kept telling me what she was doing the whole time and she paused. It was over really fast but I hurt a lot and her assistant had to keep reminding me to breath and flex my toes. They brought me water and told me to lay there as long as I needed to. Stayed about 10 minutes only
What saved me during my worst time next 3 days was Promethazine 25mg, 1 tab every 12 hours. Treats nausea and pain a little."""
Aripiprazole,Post Traumatic Stress DisorderOff-label,10,"""This is a miracle for me. My PTSD would not stop. I have complex ptsd and bipolar from it. A life time of trauma and pain. This drug gave me stability, peace, and the ability to be happy if I choose it. I do not expect prescriptions to do anything except give me a level playing field for me to decide and work for my emotional health. This drug with Pristiq have done that, finally."""
Abilify,Schizoaffective Disorder,1,"""Sadly, this medicine was at one time my worst enemy. I couldn't sit still on it, I kept pacing and twitching, half screaming half crying, agitated, itchy and angry. I couldn't sleep for more than 4 hours a night and I was only on 2.5 mg of it. I don't remember if I ate or not on it, but probably not because I was in a type of hell. I know it's a good medicine for a lot of people, but for me, it turned my life upside down."""
Nexplanon,Birth Control,1,"""Dont take the chance.
I gave over a year to see if my body would adjust.
Long story short, I literally had a FOREVER PERIOD.
It never stopped, in fact it was increasingly get worse.
I was regular before this.
The best advice I can give is if you have this happen to you, start taking iron because it will cause anemia from all the blood loss, which comes with a MOUNTAIN of side effects.  And get the implant removed."""
Dexamethasone,Inflammatory Conditions,1,"""Do not let any incompetent doctors give you this especially when they  don't tell you about awful side effects . This drug is so bad I suffered severe anxiety, and depression cognitive memory loss and couldn't sit still"""
Celebrex,Osteoarthritis,10,"""This is the only medicine that works for me.  I have tried many many others with no effect. I have MS and in pain all the time.  Arthritis in my spine is very painful, and this really helps me."""
Trintellix,Major Depressive Disorder,10,"""I am updating my review of Trintellix. I have now been using it at 10 mg night for 5 weeks. Feeling better everyday. One thing I had a problem with is getting really sleepy early evening (around 5pm) so I started taking my dose at lunch time instead of first thing in the morning. That is working wonderfully for me. It has regulated my sleep patterns! Also a major plus is that it has helped me with my severe social anxiety. I am so happy that I was able walk into a fast food restaurant, order and sit and eat by myself! And enjoy it! I am 56 and never have done that before. I so hope this medication helps you friends and if not hope you find your happy place wherever it may be. Oh one more thing..the cost. I have Cigna insurance and of course they denied paying for this as it is a level 3 med. My Dr. was able to get me approved since I have failed on other AD’s and the copay was $60.00."""
Cephalexin,Kidney Infections,10,"Keflex (cephalexin)""Works great for my urine tract infections. Even when I'm sick with a cold! I highly recommend it. """
Amoxicillin and Clavulanate,Otitis Media,3,"""The amoxicillin with clavulanate antibiotic didn't work for me and I was on them for 7 days. Two weeks later I ended up on Keflex which is much better and works fast."""
Carbamazepine,Trigeminal Neuralgia,6,"""My father took this drug and it developed into Alzheimer’s or so we thought it turned out to be the meds he was on"""
Oseltamivir,Influenza,5,"Tamiflu (oseltamivir)""Basic onset of flu...coughing,  chills, fever and body aches.  Doctor gave me tamiflu to help expedite flu because a family member was scheduled go surgery and didn't want him to get sick.  Well, three days in, I feel better but can't smell or taste. Freaking me out. ..Hope it's temporary.  May discontinue balance of script."""
Citalopram,Premenstrual Dysphoric DisorderOff-label,9,"""I have been suffering from PMDD for years. During the week before my period, during my period and the 2 days prior to ovulation. It's taken years to get this bad though. I have never got very far with doctors. I was offered hormonal contraception repeatedly and always refused, as I was frightened that it would be enough to tip me over the edge. 
I got to a point where I just couldn't cope with it anymore, and so I spoke to a different doctor, a female doctor who knew me well. I started the usual speech, I even had everything written down, and she stopped me halfway. She knew exactly what to do. 
So, I am now on half cycle 10mg citalopram. I take it when I need to (2 weeks a month). For the first time in years, I feel normal."""
Belbuca,Chronic Pain,1,"""I have Ankylosing Spondylitis, fibromyalgia, osteoarthritis. Have been on pain meds since 1998. I have atrial fibrillation so the doc wanted me off methadone. I have been taking five 5 mg methadone a day with four 20 mg oxy for breakthrough. Like everyone else it used to be a lot higher. Doc had me try the 600 mcg Belbuca. It made me go into rapid withdrawal and I haven’t felt right since. Husband called 911 because my heartbeat went way high and I passed out. I have always reacted to meds differently from most people. Just be careful and start low dose. Sad thing is that my pain went away before it happened."""
Metronidazole,Bacterial Vaginosis,6,"""I am only on day three of this medication and the annoying itchiness has mostly subsided. However, I am a big girl who usually never experiences any harsh side effects with medicine. Yet this makes me very drowsy and cloudy most of the day. Also, DO NOT DRINK ALCOHOL ON THIS MEDICATION. DON'T. It is very dangerous. I didn't think about it on my first day and had one margarita and two beers (which normally, would only give me a slight buzz). I left the party bc I was feeling very tired. By the time I got home you would have though I had been taking shots all night, I felt so intoxicated. I passed right out when I hit the sheets. Very scary."""
Nitrofurantoin,Urinary Tract Infection,2,"Macrobid (nitrofurantoin)""I was prescribed this Macrobid antibiotic for a UTI. It has horrible side effects really bad. The first day I took It I had really bad headaches. The second day I started to feel like I was dying no joke. I wasn't sure what was causing it so I kept taking it now today is the 3rd day and I feel so sick I can't even get out of bed. I have had to call into work twice now because I have no energy to do anything at all. This is the worst experience I have ever had on an antibiotic. """
Donepezil,Alzheimer's Disease,9,"""My 65 yo husband started the 1/2 pill regiment 5 weeks ago. Big improvement in conversations, no longer accusing people of stealing from him. Than we had to wait 5 days for the prescription to be refilled. That was a decline, back to talking to imaginary people, aggressive behavior, no energy. Now he is on the whole pill. Wow, almost back to being pleasant. He takes his in the morning, so no sleep interrupted. Energy back, never had a side affect as far as loss of appetite, weight loss, diarrhea. Early stage of ALZ/ Dementia. Glad he is doing better, still a day to day."""
Doxazosin,Benign Prostatic Hyperplasia,4,"""Used for about 2 weeks, ramped up dosage from 1mg 1st week to 2mg 2nd week (final dosage was to be 4mg). Had a rash with associated itching (initially thought it was Poison Ivy) appeared about 3 days after treatment started and became severe during second week. Still waiting for rash to completely go away 1 week after stopping treatment. Did help to improve urine flow and reduced urgency feelings I was having about every 2 hours to about 6 hours. I could sleep through the night! No other noticeable side effects."""
Fluoxetine,Anxiety and Stress,6,"""Started 6th of May so hasn't been long. Suffered severe Post-Natal Depression with youngest child 9 years ago, got over that and have been fine up until recently. I had a miscarriage over Christmas and over the months following  found myself getting very low again but most of all noticed the anxiety, hypochondria and irritation. Doctor put me 20mg Fluoxetine a day and seems to be good so far. Definately less anxiety but also definately lack of energy and  I have tiredness. No matter how much sleep I get I feel like a Zombie in the morning and yawn a lot until I have some coffee. My sense of humour, libido and appetite have decreased but I am putting that down to 'can't be bothered' feeling. Sticking with it for now. Gives hangover from hell too!!!"""
Mirtazapine,AnxietyOff-label,10,"""For me amazing meds, I take 2 pills of 45mg each day and it has done wonders for me. Its a drug kinda like Xanax but a lot stronger, if you like Xanax you will LOVE Mirtezapine (45mg twice a day)"""
Yaz 28,Birth Control,3,"Vestura (drospirenone / ethinyl estradiol)""I've been taking Vestura for at least 3 years. Last year, this was discontinued and the pharmacy switched me to Nikki! It was terrible. The emotional rollercoaster I was on was horrible. After calling my Dr and the pharmacy, I was able to return back to the Vestura on ""special order"" but over the last couple of months I've noticed an increase in moodiness, (seriously emotionally wrecked) thoughts of jealousy and paranoia. This is the ONLY medicine I take. I have decided to stop BC all together and see if I can't reset my system for a happier and healthier me."""
Junel,Birth Control,10,"Hailey 24 Fe (ethinyl estradiol / norethindrone)""This was my first birth control, and I was nervous because of all the questionable reviews, but I've had a great experience with it so far. I skip the placebo pills so I don't get my period, which has been fantastic, and my boobs have gotten bigger. That's basically all that has changed. Also, I haven't gotten pregnant so that's great."""
Bystolic,High Blood Pressure,9,"""I was taking metoprolol prior to this which made me dizzy and didn't even keep my blood pressure down. Bystolic gave me zero side effects and helped lower my blood pressure continuously throughout the day not just for a few hours it's done wonders."""
Fluconazole,Vaginal Yeast Infection,1,"""I can't stand this medication. My ob prescribed 500mg for two days and it makes me violently sick. I've eaten with the medication and have not consumed any alcohol but I've been throwing up bile for the past 6 hours. This happened to me last time , I took this medication again and I regret it."""
Luxiq,Atopic Dermatitis,10,"""I used to use this when it came as a foam option. For dermatitis breakouts that left my forehead burning with red blotchy skin, often a single dose of Luxiq would make it go away overnight, entirely. Truly amazing. I only had to use it once or twice during the odd flare up.  The only side effect was initial burning that subsided in about 15-30min. I think they discontinued the foam but you should check as it really helps."""
Levalbuterol,Asthma,10,"Xopenex (levalbuterol)""I love this kind of Xopenex its great works for me  No any Side effect cause Tremor, shaking, nervous, heart race, etc. thats much better than altboutel..  Keep this for a great for people suffer asthma!  Stars 10!"""
Gabapentin,AnxietyOff-label,10,"""Working well for me. 100mg as needed. My side effects are sweet cravings. It's benefits for me is it help me be calm and help with pain."""
Clobex,Psoriasis,3,"""I used Clobex this summer for itching and dry flakes in my scalp.  I became sick with a bad cold and later turned to pneumonia.  I was sick all summer long with trouble breathing and wheezing.  I went to an ENT and a lung doctor. None of us could figure out what was causing the lung problem.  After several months I was getting better with the breathing problems.  Last week I used Clobex again because the itching scalp came back.  Two days later I am having breathing problems.  I put 2 and 2 together, read the side effects of Clobex and breathing problems and wheezing are the first side effects listed.  All that suffering because I did not read the medical bulletins earlier."""
Zoledronic acid,Osteoporosis,1,"Reclast (zoledronic acid)""I took one infusion six months ago.  After taking it I woke up in the middle of the night with nausea and my whole body was crippled up.  I got to the bathroom and took ibuprofen.  Was able to get back to the bed.  Better the next day.  A few days later I had trouble walking and toes were numb.  I still suffer from lower back pain and other side effects.  Never again.  I won’t know for a while if it was effective.  This was much worse than the flu-like symptoms I read about."""
Sertraline,Postpartum Depression,10,"Zoloft (sertraline)""My baby is 9 weeks old today. I have been on zoloft for the past month. I promised myself that if this drug helped me I would come on here & give a review. 

Just after my 3rd child was born I hit absolute rock bottom. I cried at least 30 times per day. I couldn’t face going into the nursery or making dinner. I felt short tempered & despair. My doctor gave me zoloft. 

I started on half a tab at night (now 1 tab). The first 3 nights I was ill. I was rocking with anxiety. I was gasping for breath & I swore black & blue that I was not going to continue with the tablet. Then the morning would come & I felt a bit better. 

I have not cried once since. I am strong in the mind. I can enjoy my kids. I can put make up on, do my hair, do groceries, bath all kids, dinner. I am me again. I do not feel lowly. Do I feel elated & like I am living on cloud nine? No. I feel strong. I feel capable & calm.

I wish you all the best in recovering from & seeing the good side to life again."""
Paxil,Depression,6,"""I took this medication for depression and anxiety it worked like a charm. However the side effects were pretty crazy - Firstly I had trouble urinating on this medication, I had to concentrate really hard to pee, had sexual problems couldn't get ""off"". I also gained 15-20 pounds in 3 months, had a dry mouth, and once I got off the medication the withdrawals were really bad. Brain zaps, ringing in ears for 2-3 weeks after stopping the medication. Oh and this medication caused me to get sleep paralysis. Never had this condition before getting on paxil."""
Buspirone,Anxiety,1,"BuSpar (buspirone)""Started a 90 day prescription right after I had my daughter and it was horrible. Gave me anxiety and terrible panic attacks. I had to hop in a cold shower once. I felt as if I was gonna have a heart attack or my chest explode. Just got prescribed wellbutrin hoping to have better luck."""
Quetiapine,Bipolar Disorder,9,"""Quetiapine was prescribed to me more to treat bipolar symptoms, which it definitely has helped with, but I feel the biggest gain was the side effect of a guaranteed good nights sleep! My mental health declines quickly when I lose sleep, so it's been life changing to not have to worry about how one night of insomnia can affect my entire week. I take 100mg at night around 9pm, fall asleep easily around 11, and wake up feeling rested naturally around 7. Before taking this medication, I had so much trouble falling asleep, I could sleep well into the afternoon and still feel exhausted, I would overcompensate with caffeine and the cycle continues. This disrupted that cycle from the first dose! The biggest drawbacks for me have been the late night munchies(something I'm prone to anyways) and the fact that if I miss a dose it is pretty difficult to fall and stay asleep. You have to be careful about not taking it too late either, or else it's then difficult to wake up in the morning!"""
Plan B,Emergency Contraception,10,"""I took this about one hour after unprotected sex, he pulled out and when he finished he didn't finish inside of me but some of his semen did land on my area, and of course I started freaking out. So I went to the nearest Walmart and bought this Plan B pill. This happened on July 17th, and my period was due for around July 28th-30th somewhere around those days. I didn't experience many side effects, just some cramping in my abdomen and a little above my hips & this went on for about 2 weeks on and off. I was very worried but I was trying not to stress too much because stress does affect your period, but I'm glad to say that I got my period on July 30th and it was like my usual monthly period :)"""
Junel,Birth Control,4,"Junel Fe 1/20 (ethinyl estradiol / norethindrone)""This was my first experience with birth control ever. The only reason I'm not giving it a 0 is because I didn't get pregnant the two years I was on it. However I did managed to gain 100lbs (no joke) taking this and many other weird health issues arose taking this. I've NEVER had such an issue with my weight or my health. Once I got off it ""shockingly"" my health has improved."""
Aristada,Schizophrenia,1,"""I receive Aristada injection every other month. It's 1064 mg I just read the side effects of this injection and the reviews are all negative. I have nothing positive to say about this injection it hurts worse then a tetanus shot it makes me sleep for days afterwards and it feels like someone hit me with a baseball bat where I get the shot. I'm not going to take this injection any more but I'm going to talk to my doctor about another medicine."""
Terbinafine,"Onychomycosis, Toenail",1,"""I took Terbinafine for only 4 days but experienced loss of taste, loss of appetite, constant tiredness, and painful swollen lymph nodes. Blood pressure dropped and lost 8 pounds. Went to urgent care and had CBC and urinalysis. Everything came back fine and Dr. Confirmed the reaction to medicine. I still feel lousy after stopping Terbinafine a week ago. Don't risk it, awful medicine! Yuck!"""
Clonazepam,AnxietyOff-label,8,"""I've dealt anxiety since I was a child but never sought help until it became very serious and my job and relationships were being affected. I was prescribed clonazepam and instructed to only take it when necessary. It has worked wonderfully for me and for once in a long time, I actually felt genuinely calm and relaxed, and my perspectives towards things that would bother me on a normal day changed completely (I was able to rationalise things better and get over problems quickly). The first hour or so after taking clonazepam is torture though as I would usually feel very drowsy and dazed. After that, as long as I eat properly, the drowsiness goes away and the pill will work wonders."""
Methylphenidate,ADHD,9,"""About 3 months ago, I got prescribed methylphenidate to treat my adult ADHD. I'm a 36 year old guy and have had problems with keeping jobs, the ability to concentrate and regulating emotions for most of my life. 

I started with two or three doses of 5mg a day. This drug works extremely well when working. You simply do not tire and are always sharp as a tack. You'll also be more confident (sometimes bordering on cocky) and talkative. 

Think of ADHD as a spectrum. On the left you have the lazy slob who is forgetful, scatter-brained and plays video games the whole day in their mom's basement. On the right you have Leonardo DiCaprio in Wolf of Wall Street.

Most people are right in the middle, but, ADHD-people are way over to the left. This drug is a godsend because it levels the playing field. 

I'm enjoying my new job now, I'm confident, learn fast and the intense emotions I used to experience, are gone."""
Lyrica,Fibromyalgia,2,"""Doc put me on Lyrica 50 mg twice a day.  The first two weeks were AMAZING, I was doing things I haven't been able to do in many years.  HOWEVER, let me just say IT DOES CAUSE WEIGHT GAIN AND MINE WAS NOT FROM OVEREATING.  In fact, I was hardly hungry at all and when I do eat, it is usually fruits and veggies.  I was even working out every day. The last day I took Lyrica (I only took it for one month), it made me so freaking miserable, I went home in tears.  My stomach swelled up like I was malnourished and every time I would bend over, I would throw up water or whatever I had just put on my stomach.  It was AWFUL!  In a month, I gained over 10 lbs. NOT COOL!"""
Oxycontin,Pain,9,"""I suffer from degenerative disc disease.  For years I was unable to live a normal functioning life.  My Doc had me taking 4/10mg Norcos & 4/30mg Morphine pills daily.  While they gave me some relief, I was still in a great deal of pain and felt like I was taking pills all the time. I spoke to my Doc about my continuing pain and the constant pill popping with minimal relief.  She told me about Oxycontin.  She said that she didn't normally prescribe it and only had one other patient on it but, I could try it to see if it gave me any better relief.  I take 3/40mg Oxycontins daily now and the difference in my life is amazing.  I hate the way people treat me when they learn that I am taking Oxy.  It works wonders so get off our backs."""
Junel,Birth Control,1,"Microgestin Fe 1/20 (ethinyl estradiol / norethindrone)""This birth control is horrible I been on my period for two weeks and it’s horrible. I started on this pill when my last cycle begin and I haven’t came off yet. I stopped taking these pills and I will never take these pills again. After this horrible experience I will never get back on birth control pills again"""
Levonorgestrel,Emergency Contraception,4,"Aftera (levonorgestrel)""I am so thankful I am not pregnant and it did the job, but this pill seriously messed up my cycle and had me so anxious for about two months. I wasn’t due to get my period for another two weeks at the time I took the pill. Six days later, I started bleeding, and it lasted about four days. The first two days it was maybe enough to fill tampons, but the other days it was very light, like only there when I wiped. Fast forward to when my period was scheduled to come - still no period. I ended up getting my period ten days late, but I could have sworn I was pregnant. I had been having creamy white discharge for about two weeks and had been feeling bloated with cramps and headaches - this NEVER happens to me! My period is here now, but it’s  significantly lighter than it normally is. I have taken Plan B once before in the past, and I never had any problems at all. Ladies, please spend the extra $10, or even better, get on regular birth control! Also, stay off Google to stay sane."""
Quetiapine,InsomniaOff-label,7,"""Seroquil worked great, more than great but there always seems to be a catch isn't there?  First, I was not on any other meds and was prescribed 200 mg's out of the gate, which was too much (I'm 5'7, 120 lbs) So I cut it way back and my sweet spot with no hangover was 25 mgs. Took it for nearly two years with no complaints. Here's the catch, the weight gain thing, it crept up on me pretty slow I hardly noticed. I don't own a scale, my eating habits never changed. First 5 lbs, hardly noticed, then 10lb, chalked it up to my age (45). Then I looked pregnant and nothing fit and my entire body from my face to ankles looked bloated. When I ran out of my script I stopped and 4 months later I was back to my normal weight. Sad to see it go.."""
Phentermine,Weight Loss (Obesity/Overweight),9,"Adipex-P (phentermine)""I started this medication on 3/4/16. Starting weight was 208. After a week of taking it, I've lost 10lbs. I weigh now, is 199. This pill works! Ive been eating small snacks and working out. So far, the only problems I've experienced is; dry mouth, dizziness, restlessness and slight tremors for the first few days. I'll hive an update, in about a month."""
Bisacodyl,Constipation,10,"Dulcolax (bisacodyl)""I have been using dulcolax for a couple of years. I only use it if I haven't been to the loo for more than 5 days and if I have the next day to be at home. I take two tablets around 7pm and when I wake in the morning it completely clears me out. Yes it does give some form of diarrhea but I'm willing to accept this for a hour or so as it makes you feel so much better. It does give you tummy ache and cramps and you do feel like the pain will never go away but once you've been to the toilet it goes, it can't last forever. You have to accept a bit of tummy ache/pain if you are pooing out days worth of poop. Love Dulcolax. It's a strong tablet, but gets the job done."""
Zofran ODT,Nausea/Vomiting,10,"""Had kidneys stone. Took pain meds for it. Got super nauseous at night. Took zofran, and within 10 minutes I was not nauseated at all. Amazing medicine."""
Tretinoin,Acne,7,"""I am a 14 year old girl who has been suffering from acne since I was 11 years old, about 2 months ago I went to a dermatologist, and she prescribed me tretinoin cream .05. My acne has always been small to average sized pimples on my upper cheeks, chin, and some on my forehead. Now my acne is in bigger bumped forms, and it has formed all around my cheeks and some on my jaw line. My confidence level has dropped completely. I have scheduled a new derma app to see whats up, but from reading these positive reviews telling me to stick it out, that is what I am going to do. Goodluck to any tretinoin cream users!"""
Advil,Headache,9,"""Always keep this stuff around. When I catch a real bad headache, this is lifesaving. Tylenol doesn't seem to do it for me. Advil goes to work. I no longer need oxygen tanks with Advil. Four of these and I can get back to life or sleep. Really, really comes in handy."""
Mounjaro,"Diabetes, Type 2",9,"""Just took the first 7.5 mg dose. This is week 9 as I started with 2.5 mg, then 4 mg for 4 weeks. I started at 283 lbs. Now about 270 lbs. Symptoms were constipation for the first few days and as the strength increased so did the nausea. Never got unbearable and the doctor prescribed meds to take when it gets intense, usually the day after the injection. Definitely curbs appetite and makes you feel full faster.
Haven't done any exercise other than normal routine mobility. Had two A1c over 6.5  before I started and haven't had bloodwork since. I am 64 years old and have heart disease, prostate issues, sleep apnea, and high blood pressure, among other things so getting my weight down is no longer an option but a necessity."""
Amoxicillin,Dental Abscess,1,"""For me it causes severe cramping pains on both sides of my lower abdomen extending downward to the back of the thighs. It has a colitis like symptom, and it is very painful."""
Wellbutrin,Major Depressive Disorder,10,"""Works much better than Paxil.  Wellbutrin makes me feel normal.  I do take it with Abilify for my mood disorder.  It’s been a life & marriage saver!"""
Junel,Birth Control,9,"Lo Loestrin Fe (ethinyl estradiol / norethindrone)""I originally took this pill to regulate my periods and obviously prevent pregnancy. Before taking any sort of birth control, I had PMS with moderate to heavy periods. Ever since this pill, my period is where the blue pills stop and my period is so light, no cramps, no PMS. But I have realized myself gaining a little weight. My breasts definitely seem a little bigger, so used to a B cup, so when they get bigger- I know the difference. This pill has done a good job. I haven't had sex without a condom while being on this birth control. I see less acne though."""
Aripiprazole,Bipolar Disorder,10,"Abilify Maintena (aripiprazole)""This is the first time actually taking the injection and I honestly rather continue taking it"""
Medroxyprogesterone,Birth Control,9,"Depo Provera (medroxyprogesterone)""For the first few months, I bled everyday. After 2-3 injections, the bleeding stopped for the most part, with occasional random bleeding now and then, and light bleeding near the time I was due for my next shot.

Yes, you WILL very likely experience the ""breakthrough bleeding"" side effect, and it can be annoying having to use pads/tampons constantly, but if you can deal with that, it is a great birth control solution.

I have smoked cigarettes while using Depo. This caused an increase in bleeding when I regularly smoked. I noticed after 3-4 injections when my bleeding lessened to almost a stop, if I smoked cigarettes, I would bleed later. So if you smoke, this might affect how much/often you bleed."""
Shingrix,"Herpes Zoster, Prophylaxis",1,"""I received the first shot Tuesday evening 7-16-19 around 7pm at my pharmacy. The shot barely hurt. 2 hr later I noticed pain in my arm and that my eyes were burning. I decided to take ibuprofen and go to bed. Woke up during the night feeling feverish and ill. Did not feel well enough to go to work. Around noon fever spiked to 102 and chills started. Nauseous and bad headache. Took more ibuprofen and Motrin but fever would not come down for about 4 hrs. Considered going to the ER as my symptoms were so bad. Then the fever slowly came down to 99. Diarrhea and feeling very ill and  exhausted. 
Today is Thursday and my fever is 99. Muscle aches so bad I can hardly walk. Huge red hot knot 3 inches at injection site. 
I am better than yesterday but I feel like this is going to take some time to recover from this vaccine. 
My husband contracted shingles a few weeks ago that is why I got the vaccine as a preventative/ I wish I had not as this has been terrible."""
Victoza,"Diabetes, Type 2",10,"""I was started on this after discovering that my lab work showed I was pre diabetes. I am a 65 yr old female A1c was 6.2 fast glucose 130. I am overweight much of which came about over the last say 7 years when I became almost totally immobilized with degenerative joint disease. Meds helped immensely control pain. After only 2.2 wks on Victoza I can say I now I have lost lbs and started to gain more energy and eat much less. Prior to Victoza,I was hungry very soon after eating meals. I now eat much less with the Victoza slowing my digestion. I take 1.2 mg and have zero side effects. Also have positive  female family history of cardiac issues. So it 's a win win so far and hope to continue all positivity !!!!"""
Paroxetine,Depression,10,"Paxil (paroxetine)""Before I was on Paxil,I just felt sad all the time. I felt like crying a lot,I could hardly get through work, I had a loss of interest in activities, I lacked energy, plus most of the other symptoms for major depression (except for thoughts of suicide), I had..and this went on for almost a few years until I finally had enough and sought out the help of a doctor. The doctor prescribed Paxil 20mg once a day, and I swear I have never felt better in my life. I feel like I finally have my life back, and I don't feel sad all the time. Most importantly,I feel like myself again"""
Temazepam,Insomnia,6,"Restoril (temazepam)""only gives me 4-6 hrs. of sleep per night.  Was hoping for 7-8.  Take 15 mg. with 10 mg. Melatonin and .25 mg. Xanax at bedtime"""
Clarithromycin,Upper Respiratory Tract Infection,6,"""I was prescribed this antibiotic having had flu like symptoms with a high fever.  Within an hour of taking it I had a horrid bitter bile taste in my mouth then felt as if I had been put on waltzer at the funfair and spun around 100 times, a terrible and restless night, the second night was slightly better and I'm about to embark on my third night, feeling extremely weak and listless - but as of this morning 36 hours later I can breathe to the bottom of my lungs for the first time in about 15 years. A tip for vile taste - slice a Granny Smith apple and nibble when needed. I'm going to try and grit my teeth and and complete the course as I had forgotten what it is like to properly fill my lungs"""
Trelegy Ellipta,COPD,1,"""I used this med for months.  All it did was create a sore mouth and throat and it dried my mouth out as well.  I noticed that it aggravated my paralyzed larynx causing it to be a constant battle trying to clear the junk off my throat.  It gave me pneumonia type symptoms that I had to treat multiple times with antibiotics. I finally took myself off the medication but it seems the effects are long lasting or forever at this point after 4 months."""
Trazodone,InsomniaOff-label,10,"""Puts me right to sleep."""
Spironolactone,AcneOff-label,10,"""I realize that spirolactone works differently for everyone, and the time frame it takes to work depends on the individual and the severity of acne, but within one month and a half my acne had 75% vanished. Now at two months I've seen a 90-95% clearance of my breakouts. I used to have several breakouts a day so every night I was popping 3-10 pimples. My acne was not cystic (not in the dermis) but I had several painful papules and pustules, and lots of jawline comedones that would erupt into painful pus-filled blemishes. I noticed the jawline clearing up first and within a couple weeks, my cheeks began clearing up, and now I have two old lesions healing on my face from over a week ago. I no longer breakout every single day with painful pimples, and I no longer have to wear lots of makeup to leave my house. In the recent months my diet has been poor and I haven't been working out or drinking enough water, but this medication STILL cleared up my acne in my case."""
Yaz 28,Premenstrual Dysphoric Disorder,4,"Yaz (drospirenone / ethinyl estradiol)""For me, Yaz was terrible, I couldn't stop crying, I couldn't do any of my work, I could barely pull myself out of bed."""
Tamiflu,Influenza,10,"""I have had case of severe flu a few times before but this time I went straight to the doctor to to try Tamiflu.  While the flu usually made me miserable and feverish for 4 days and weak for a few days more, I felt pretty good after about a 1 1/2 days and was ready for work on the 3rd day.  I will always go for the Tamiflu in the future.  In my case, when my face feels flushed, I have a lack of appetite, ache in my neck and back and a slight fever, it is time to act.  You need to start Tamilfu as soon as you see the first signs.  It is great!"""
Vilazodone,AnxietyOff-label,7,"""Less sleepiness. I feel more energetic and am focusing better.  My function is better. Not depressed or down even with 10 mg a day. However, It does not cover my anxiety and an hour after I take it, I start having worries and butterflies.  It kind of makes me tense, but definitely targets depression and psychomotor retardation."""
Sertraline,Social Anxiety Disorder,7,"""My rating is based on when I took this drug previously, it really helped me but at that time I felt no side effects at all. The ones I did feel (loss of appetite, insomnia) were tolerable for me. I stopped taking the meds when I felt better (weaned off slowly). However, now I feel anxious again months later, I’ve started taking the drug again and it is driving me insane. I’m on my 4th day taking this medicine, and the side effects are not like before. I have severe anxiety and can’t sleep at night, the nausea is also horrific. I’m hoping these subside soon as I know the drug helped me before. I have noticed I’ve been given a different brand this time, maybe that is why the side effects are different. I just hope it gets easier soon as I have no support system around me to help me get through it. Reading these reviews have been comforting :)"""
Duloxetine,Back Pain,9,"Cymbalta (duloxetine)""Took about 3 weeks for this medicine to kick in before I noticed anything. When it did, the pain was intense for a couple of days but I stuck with it hoping things got better. They did! I was able to stand longer, walk longer, sit longer, and lay on my side all without intense pain. The pain was still there, but it made dealing with the pain more tolerable. I've been on this medicine for about 10 months now but dealing with this terrible pain for nearly 3 years. I've tried just about every medicine available and this medicine with Elavil and Oxycontin/Oxycodone  works like magic. I now use Cymbalta with Elavil and Morphine and have had no issues. """
Plan B,Emergency Contraception,10,"""I told myself if it worked I was going to write a review, because I know how scared I was and I came here for comfort. I had unprotected sex with a guy I wasn't even dating, around the beginning of July. I took the pill less than 12 hours after the incident happened. A week after I took the pill, I got a period for around 5 days, heavy, brown, but with no cramps. It described implant bleeding almost to closely, so I grew even more scared!!! I had slight breast tenderness around the time aswell but nothing other than that. I just got my period yesterday, almost a full month after I missed my original period date. DON'T freak out if your period is more than a week late, mine was nearing 4 weeks late before it finally came. Stay hopeful! ❤️"""
Fluconazole,Fungal InfectionsOff-label,6,"""Wow. I landed in the ER with the sorest of sore throats. I have a systemic yeast infection. I'm taking fluconazole 100mg for a month this medication is no joke! It makes me insanely dizzy, my legs feel as if they will fail. No appetite whatsoever. Brain fog, confusion I'm going to have to bite the bullet until I'm finished in 2 weeks. The only plus side of the coin is that it is clearing up the Thrush."""
Diclofenac,Muscle Pain,9,"Voltaren (diclofenac)""Used Voltaren on mild tendonitis of the elbow. Not only did it immediately reduce the pain, but it seems to be helping to speed up healing, when I am not using it, the pain seems to be getting progressively less severe"""
Provigil,Narcolepsy,9,"""Pros: Works well keeping me alert, no significant downer when drug wears off, can be used on an as needed basis. Cons: EXPENSIVE!"""
Lurasidone,Schizoaffective DisorderOff-label,10,"""This medicine is a miracle pill. I use this as my 2nd antipsychotic med and it has helped so much in only 1 week."""
Baclofen,Trigeminal NeuralgiaOff-label,10,"""Baclofen reduces the chronic pain of trigeminal neuralgia to a great extent. For me, it mutes the pain to a tolerable level. It does not reduce my ability to think clearly, as occurred with the use of various anti-seizure medications, i.e. Trileptil, Dilantin, Neurontin, etc.  For me, it does not yet appear to have a reduced effect despite taking it over a long period of time.  The side-effects for me are relatively benign and, in some cases, interesting.  Higher doses cause drowsiness.  Lower doses include the following side effects,
- Subtle muscle relaxation
- Increased muscle tone
- Surprising endurance and lack of fatigue at high-levels of physical activity
- Absence of soreness following the aforementioned physical activity"""
Sertraline,Depression,1,"""I have recently experienced a most unusual muscle reaction when I try to go to sleep. It's like my legs twist and contort, and I have no control over them.  I recently reviewed side effects of Sertraline and noted this on several occasions in their warnings."""
Hydroxyzine,Sedation,8,"""I currently take 50mg about an hour or so before I’d like to fall asleep for my chronic insomnia. While it’s not a strong sedation, anything is better than nothing. 
I have had almost no side effects with this drug which is unlike the other medications I have tried. 
The only minor issue I’ve experienced is if I don’t get at least eight hours of sleep in, I’ll wake up a little extra fatigued. I would recommend taking this medication when you know you’re going to be able to sleep for a while. 
Hope this helps. ☺️"""
Vistaril,Anxiety,3,"""I was prescribed Vistaril to help with anxiety and sleep following opiate withdrawals. It did little, if anything. Original dose was 50 mg, later raised to 100 mg. It did reduce the crazy sneezing I went through.

I got far better results for sleep from OTC Benedryl and melatonin."""
Azithromycin,Sinusitis,1,"Zithromax (azithromycin)""Took away my ear infection but gave me. Nausea, vomiting, loss of appetite, heart palpitations, anxiety, shortness of breath, diarrhea, dizziness, etc... So not worth it. I was less sick before starting this medicine."""
Propranolol,Performance AnxietyOff-label,10,"""Was very anxious and became depressed after my father was diagnosed terminally ill. I started a new job which didn't help with the stress. Was having often panic attacks. Now I feel amazing. I now have my life back. Without this I think I would of had to be hospitalised. Thank goodness. Life is good again."""
Keflex,Skin or Soft Tissue Infection,8,"""Keflex 500 mg 3 times a day is slowly but surely getting rid of my folliculitis. It took about 3 days for the infection to stop oozing, another 2 days later it has almost completely dried up. No discernible side effects for me."""
Wellbutrin XL,Depression,10,"""I have battled depression and anhedonia my whole life. I have always tried to manage it through diet, therapy and exercise. I had reached the point where I could find no joy and I was simply existing. Life became incredibly arduous and, quite literally, painful. I had zero interest in any activities, often forcing myself to participate in the things that were expected of me. The only thing that I truly enjoyed was sleeping.
I finally saw my doctor and, after a long chat, we settled on Wellbutrin because I really “ wanted to want to do things. “
Fast forward to today, 4 weeks of taking Wellbutrin XL. My life has completely changed for the better. My mood is stable, I have more energy than I ever expected to, my confidence has returned after decades of struggling, I no longer feel sad in social situations and I have become more fit because I am inclined to exercise every day. I am enjoying all of the things that I struggled to get through for so long without side effects."""
Trazodone,InsomniaOff-label,1,"""Have been fighting insomnia for years. Previously on Lunesta then Ambien because of insurance approval. Ambien was no longer working after a year and I came to the conclusion it was due to dependency and I wanted to quit. My doc suggested trazodone as it is non habit forming. Tried 50mg and it knocked me out through the night and most of the next day. Horrible hangover and dizzy feeling.  I layed off for a few days then cut the pill in half to 25mg and was not at all effective. Next night took 3/4 of the tab and again knocked me out and zonked most of the next day. Think I'm giving on this. """
Buprenorphine & Naloxone,Opioid Use Disorder,9,"Zubsolv (buprenorphine / naloxone)""I have been on Zubsolv for 3 days now because my insurance won't cover Suboxone (which I was on previously for over a year, my insurance company got switched) my Dr told me about Zubsolv and I gave it a try (and because its covered thru my insurance.) I see/feel NO DIFFERENT than from when I was on the Suboxone. I personally feel that Zubsolv works better for me. But everyone's body is different. The ONLY thing I DON'T like about the Zubsolv is the taste. It is a VERY STRONG MENTHOL TASTE, BUT THE TABLETS DISSOLVE VERY QUICKLY!"""
Xiidra,Dry Eye Disease,1,"""Is there a class action law suit? I just got out of the ER from a chemical burn. Used these drops with air optics contacts and all was fine but when I switched to Bausch and Lomb it caused a chemical burn in my eyes and throat (I guess where we get that nasty taste when we use them is it dripping in the back of the throat). I’m in a lot of pain and have medical bills now and have to see a specialist bc they are infected. I waited 1 hour between using the drops and putting in the contacts just like it said to and I have done with the other brand."""
Paroxetine,Postmenopausal Symptoms,9,"Paxil (paroxetine)""Still having hot flashes at 73.
Used Prempro for 30 years but doctors would no longer 
Script it. 4 months now on 10mg Paxil and loving it. Had some minor GI issues but nothing serious. I'm happy without hot flashes and I seem to have a better out"""
Remicade,Psoriatic Arthritis,5,"""I have been experiencing stomach pain and constipation and feeling irritated easily and more grouchy."""
Lexapro,Generalized Anxiety Disorder,9,"""I have been taking Lexapro for about 2 months now and I notice an immediate change. I suffered from bad anxiety attacks where I would have them two or three times a night. I was miserable by the time I got prescribed Lexapro. My doctor initially prescribed me Xanax to get me through until my antidepressants start working because they don't have that initial ""kick"" like Xanax has.  I was happy that I had the Lexapro to help me with my depression, and more so anxiety. The only side effects I have noticed is weight gain and lowered sex drive. I think those are nothing compared to feeling depressed. I would recommend this antidepressant."""
Terbinafine,"Onychomycosis, Toenail",10,"Lamisil (terbinafine)""I found terbinafine to be much more effective than the very expensive medications I had previously tried, and it was MUCH cheaper.  The fungus was not completely gone by the end of the 3 months, but it continued to work, and now my toenails are beautifully clear.  I would recommend it to anyone with the fungus on toenails."""
Depakote,Bipolar Disorder,1,"""My daughter is 12 years old and her Depakote was recently increased to 1,000 mg a day. Immediately I saw some harsh side effects. To begin with she has a very petite frame and dropped 9 pounds and now weighs 62 pounds. My daughter started vomiting with the high dose. She hasn't slept a normal nights sleep in a long time. She never wants to eat which has caused her dramatic weight loss. She experiences nausea, vomiting, irritability, and many more side effects. Depakote may be a life saver for some but this medication isn't for everyone."""
Orladeyo,Hereditary Angioedema,6,"""Orladeyo has been a very good option for me and has been doing as good of a job as expected against my severe, extremely stubborn heart attacks. I'm trying my best to give this medicine at least the full year to prove its worth. Let me say I'm getting more and more discouraged after yet another case of the worst stomach pains of my life after taking my daily dose. I had vomiting for almost 12 hours, the most serve stomach pains I've ever had. Now here I am on day 2 and I'm afraid to drink, eat, etc because my stomach is still sensitive, cramping, and having spasms and I'm so afraid to feel that worst pain again. I want to love this pill I do but I'm neutral right now."""
Ativan,Anxiety,10,"""It's very helpful."""
Otezla,Plaque Psoriasis,1,"""I was on this product for over a year.  It didn't help my plaque psoriasis at all.  The only positive was that it didn't cost me anything to take it and it had no negative side effects.  Not sure how this product even got approved.  I don't know anybody who has said it has even remotely been. effective."""
Methadone,Opiate Withdrawal,10,"""When administered properly by the Detox/Rehab program and taken right by the patient this drug is a God send. I was addicted to I.V. use of Morphine and its varieties such as Dilaudid. I have been clean for 3 years now and methadone has done wonders for me. I was at my peak on 120mg daily and now after several months of monitored decreases I am down to 9 mg daily and feel great. On the other side though, there are also a large number of people in the program who, while they can't get the high from morphine, replace it with cocaine. This is a common practice and the cause of many deaths. The use of methadone as a cessation aid is a two way street. There has to be equal work done by the client and the program."""
Buspar,Anxiety,8,"""Been on Buspar for 3 weeks. Weened off of lorazepam and using Buspar instead.  Big difference.  Started on 15mg 3 times a day. Then 30 mg 3 times a day.  Now experiencing muscle pain, upset stomach, bad taste in mouth. I think my dosage is to high. At 15mg no bad side effects. When I get dosage straightened out. I think this will be a fine medication for my anxiety problem."""
Votrient,Renal Cell Carcinoma,9,"""Update-tolerating Votrient 400mg. Last 2 scans status quo. Diarrhea controlled with immodium. Pattern of a couple good weeks followed by fatigue and general awful feeling. Medicinal marijuana has been a godsend for these bad times. Almost like setting a reset button both mentally and physically. Only do it when I feel awful and won't be leaving the house."""
Pregabalin,Diabetic Peripheral Neuropathy,7,"Lyrica (pregabalin)""My diabetes was in good control for two years before I started experiencing severe symptoms of peripheral neuropathy in my lower legs and feet. Lyrica has been a miracle drug for relief of the stabbing pain in my legs. However, it doesn't help much for the horrible burning in my feet. Also, 
I occasionally feel like I'm still walking on marbles. The nerve studies have concluded I'm getting it in my hands also. I've been fortunate that my side effects have been minimal. If it helped more with burning, I would rate it s 10."""
Venofer,Iron Deficiency Anemia,10,"""I had 1st of 5 Venofer Friday - 200 at a 1 hour drip. (My third course in 2 1/2 years.) Anemia prone family. Genetic tests gave no answers. I don't eat meat 
No problems with Venofer. I take 2 Benadryl b4 infusion and take 2 to 4 a day between infusions which are 7 days apart. 
Refuse Injectafer in my opinion they seem to be having court cases.
Keys for iron infusions: Pray ...Then 
*Slow drip - Minimum 1 hour
*Take only 200 each visit 
**Minimum 7 days between infusions 
*Take 2 Benedryl gel caps 30 minutes as soon as you sit down in chair. 
Let's get some energy!!!!
Blessings to all!"""
Apalutamide,Prostate Cancer,9,"Erleada (apalutamide)""Loss of body hair, loss of libido, falls, and ataxia were all significant.   BP unchanged. Did not have GI symptoms or weight loss.  
The cost is awful. Have had no evidence of an increase in PSA from undetectable since starting."""
Vasotec,Diabetic Kidney Disease,3,"""Had a continuing cough and had to stop taking."""
Humira,Rheumatoid Arthritis,9,"""At age 52 I began to experience symptoms (swelling, joint pain). After suffering for two months, I was diagnosed with rheumatoid arthritis in Feb, 2019. Was put on prednisone for a few weeks and then began weekly dose of methotrexate. After a few months of this treatment, my symptoms were slowly improving when my doctor decided to start me on Humira. I immediately began to feel better. Well enough to resume living my active lifestyle which includes running 40+ miles a week. Thankfully, any side effects have been minimal to date."""
Clarithromycin,Pneumonia,9,"""Went to the drs after picking up a bug on a long haul flight, which led to a bad chest infection. I was a total mess. How I walked to the drs I have no clue. Sat almost weeping in the waiting room, dribbling, coughing, choking. Dr checked me over and prescribed these glorious wonder pills. Felt absolutely dreadful (just from the infection/possible pneumonia) for three days. Lay in bed unable to move. But day three came and I could breathe again and even managed 3 hours at uni! The taste in my mouth in the morning is utterly appalling and feel nauseous half an hour after taking them for a bit but no other side effects. I still feel a bit rough, low energy and lingering cough and generally under the weather however I don't feel like I've been through ten rounds with Tyson and am drowning at the same time. Brilliant pills"""
Ciprofloxacin,Bacterial Infection,10,"""I was given this by a Mexican doctor after contracting a very nasty bacterial infection with severe diarrhea during a road trip down the Baja Peninsula in Mexico.  Worked great, and we were back on the road after one day."""
Celecoxib,Pain,2,"Celebrex (celecoxib)""It worked great for a week and the pain returned.  Tried switching up the time of day I took it but still didn’t work."""
Ciprofloxacin,Bacterial Infection,9,"Cipro (ciprofloxacin)""It really helped my husband's lung infection.  It was great!"""
Brimonidine,Eye Redness,10,"Lumify (brimonidine)""I have suffered so bad with red bloodshot eyes since I started using visine, they became so dependent on them & eventually didn’t work at all, just made my eyes so sore, I bought lumify eye drops from the US as this is the only place I could purchase them from, on line, as Australia doesn’t stock them, best eye drops I have ever ever purchased my eyes have stopped relying on visine & from 6 to 9 times a day of applying visine I only have to apply lumify once a day ❤️ This product"""
Flomax,Benign Prostatic Hyperplasia,6,"""Yes, there are side effects.. First couple of doses caused severe nausea (get Zofran from doc and take with Flomax for about 5days) also tiredness and light headedness.  I found improvement with taking the med about an hour before bedtime.  Symptoms much more tolerable. I think the only real sexual side effect was reduced erection.  If you can't pee and I couldn't due to taking testosterone, which caused BPH.  I took saw palmetto successfully for 3 years then had to stop for surgery. Saw palmetto did not work once I resumed."""
Citalopram,Anxiety and Stress,1,"Celexa (citalopram)""I was put on this medicine after anxiety issues. It made things so bad that I was havin severe anxiety attacks was constantly jittery and unable to concentrate. I had severe hot flashes made my heart race like crazy and lots of chest pain. I discontinued after 3 doses of 10 mg after 3 days."""
Clarithromycin,Mycoplasma Pneumonia,1,"""Was meant to be on penicillin but the hospital changed my antibiotic 5 mins before I left because they found mycoplasma in my throat (they didn't really know what was wrong with me tbh). My symptoms are spot on to  a so I'm leaning towards that as what I have (its certainly not tonsilitis or 'stress' which they tried to fob me off with). I have taken 4 of these clarithromycin and I think they may be the devil in pill form. I have had nothing but shortness of breath, stomach cramps, vomiting and diarrhoea since. Apparently they are common side effects, but this seems ridiculous. I felt better of with just the pneumonia than with being on these!"""
Amitriptyline,Migraine PreventionOff-label,7,"""it wasnt til last year my sophomore year i finally just couldnt take the headaches, they got soo bad i had to go to the doctor and they prescribed me amitriptyline. Let me say they started off as a miracle worker and definetely recommend it to prevent it. But it does has its side affects, i am suffering from depression , panic attacks , suicidal thoughts and makes me feel so tired and sleepy its not funny. Im a junior now in highschool , my hardest and most important year and i kinda hate that i took and am taking amitriptyline. I cant take this med anymore. My grades are so bad right now because i can never stay focus at school and feel so damm tired i dont want to do anything.cant concetrate, i act different now and i dont feel myelf."""
Sertraline,Depression,8,"""I started on 10mg off citalopram when I was 16, they had zero effect so they upped me to 20mg of fluoxetine which made my severe depression worse, my brother was also prescribed fluoxetine and we both experience and major increase in suicidal thoughts whilst on them so I went back to the doctor. He then prescribed me with sertraline 50mg. The first few weeks of taking them were a nightmare, I'd wake up and take the tablet with my breakfast and I'd finds myelf being exhausted all then time and then I'd struggle to sleep at night.  My partners mum is on sertraline 100mg and she said that the best thing to do is take them half an hour before you go to bed because the tiredness  effect doesn't take long to kick in. Now I feel a lot happier"""
Biktarvy,HIV Infection,6,"""I have used Biktarvy for approximately 2 years. The first year it was well received, then I monitored for the past year and I have found it to cause diarrhea (my conclusion only). I continue to take and monitor and seek more medical advice."""
Junel,Birth Control,10,"Gildess Fe 1/20 (ethinyl estradiol / norethindrone)""I was questioning taking this birth control after reading all the reviews. I'm going onto my 3rd month. The first month my period lasted about 2 weeks but after that the monthly cycles where super light only 3 days and always on time. Everyone's body is different. I didn't experience any low sex drive, spotting or mood changes. I did notice a slight weight gain but Overall, I'm pleased with the birth control."""
Flomax,Benign Prostatic Hyperplasia,7,"""An effective drug, but it decreases sex drive."""
Junel,Birth Control,9,"Lo Loestrin Fe (ethinyl estradiol / norethindrone)""I started taking Lo Loestrin Fe about three months ago. This birth control is amazing. Compared to my old pill, Levora, a lot of those side effects have gone away like my hormonal cystic acne that covered my back and face. In addition, I stopped having my period completely. I have not noticed any breast tenderness or any of the other side effects. I recommend this to those at a younger age. Unfortunately, my insurance does not cover this and it is very pricey (around $100 per month)."""
Flagyl,Bacterial Infection,9,"""Today is my 3rd day on this antibiotic. I had been experiencing an embarrassing discharge for a few months now. I repeatedly asked my doctor to test me for BV -- After 3 failed attempts to have my doctor test me for bacterial vaginosis, telling me that I was being overly sensitive - I finally sought a second opinion, and turns out, I did in fact have the infection. I am on my third day of the antibiotic (twice a day for seven days) and while I have noticed some uncomfortable side effects such as restlessness and night and mild queasiness - my symptoms are completely gone. No discharge, no embarrassing smell. Thank heavens! I will gladly be slightly uncomfortable for a week to rid myself of this disgusting, embarrassing infection."""
Latuda,Schizophrenia,10,"""I have schizoaffective disorder and Latuda gave me back my life back (along with an outpatient program and on other medications).  I felt like me again.   I went back to work at a part time job, because I'm not in psychosis or depressed all the time.  I have my own apartment.  I drive and own my own car.  Pretty soon I'm going to try going off disability by working full time.  It hasn't done everything, I still have delusions sometimes.  I still had nasty side effects at first like akathisia and sleepiness.  I get depression at times, mostly just not wanting to leave the bed."""
Buprenorphine & Naloxone,Opioid Use Disorder,10,"Suboxone (buprenorphine / naloxone)""Awesome."""
Zolpidem,Insomnia,1,"Ambien (zolpidem)""I'm  taking this medication  as prescibe by  my doctor it has not helped at all in fact the third time taking it I did not feel sleepy nor did I fall asleep"""
Levothyroxine,Underactive Thyroid,1,"""I am still experiencing hot flashes, tired, no energy all the time,  sleep 12 to 14 hours.
Doc won't increase me currently on 50mg I need a heck of a lot more I believe"""
Fenofibrate,"Hyperlipoproteinemia Type IIa, Elevated LDL",1,"""How did this awful little pill ever make it to market? I felt like I'd ingested rat poison! Horrific stomach pain & vomiting. I will NEVER take a drug just because some ""doctor"" said to again! Sometimes best to, ""just say NO!"""""
Tirzepatide,"Diabetes, Type 2",10,"Mounjaro (tirzepatide)""Ozempic made me so nauseous & sick; so doctor switched me to Mounjaro & I have felt so much better. Reduced appetite but not nauseous. Was on .25 for 3 months and lost 15 lbs, now on .5 but having trouble sleeping & fast heart rate."""
Propranolol,Performance AnxietyOff-label,8,"""for me I'd say betablockers work well for performance/social anxiety.Reading the comments on this page sound so familiar to me.They will not stop you from being nervous but will bring you to a level where the physical aspects of your fear won't manifest ie pounding heart and trembling voice so once you start and realise this usually things will go better. I have found though that certain brands are better than others. I order mine online but yes they have been a lifesaver in certain situations such as introductions in meetings or big interviews etc. Normally for me around 30mg works well about 45 minutes to 1 and half hours before."""
Levonorgestrel,Birth Control,10,"Mirena (levonorgestrel)""I got the Mirena after my Son was born. While I was using the Mirena I had no periods at all for the five years. Now I have my tubes tied, my periods are coming back as bad as they were before I had kids. Sometimes I can't even move the first day of my period...So my Doc. told me I can go back and get the Mirena put back in! I go next week for this and I can't wait! I hope it goes as smoothly as it did the first time I had it, never had any problems except maybe weight gain but I don't know if it was due to the birth control or not."""
Semaglutide,Weight Loss (Obesity/Overweight),10,"Wegovy (semaglutide)""5'8"" F started at 241 lbs. The doctor had me on phentermine (half dose) while waiting for Wegovy to go through insurance prior to authorization. Went down to 219 lbs on the phen in 11 weeks, then discontinued that to start Wegovy 0.25mg. I just took my second injection, so I can describe my first week and shot experience. I had a mild headache for the first 24 hours after my first injection. Not bad enough to need an aspirin or anything, and I think I was over-analyzing my body looking for side effects. After the first injection, I thought I had a metallic taste in my mouth and now that I just took a second I can confirm it. Lasted for 12 hours the first time. I also am one of the rare people that taste metal after vaccines if that matters.
I was extremely worried about the injection process itself. I'm glad I watched some youtube videos and knew what to do. It was easy and I didn't feel the needle. No cravings - I just have to space out my meals or my stomach feels uncomfortable. Down another 3 lbs. Go Wegovy Wednesdays!"""
Bupropion,Seasonal Affective Disorder,8,"""Female, age 27, taking Bupropion XL 150 mg/day

Started feeling the effects of this medication within a few days (been on it for a month now); I definitely don't feel depressed anymore, which is great!  Here's what it's been like for me:

-Depression gone (feeling very neutral)
-Obsessive thoughts gone (usually related to my body/desire to lose weight)
-MASSIVE increase in sex drive
-MASSIVE reduction of appetite 
-Vivid dreams
-Irritable at times/very little patience 
-Benign muscle twitches (usually at night in my extremities)

Doctor wants to up the dosage to 300mg, but I'm happy where I am."""
Gabapentin,Peripheral NeuropathyOff-label,10,"""I'm 82. I have peripheral neuropathy. The doctors I've seen are surprised that I have this condition since I am not or ever have been diabetic, and I'm enormously fit for my age. I go to the gym for two hours of intensive workout six days a week. I also eat healthily. But there is no denying I have peripheral neuropathy, and taking Gabapentin has given me wonderful relief from pain and tingling in both feet. I'm grateful for this and would recommend the medicine to anyone. I take a light dosage (300mg) on days that the pain is severe; but often do not take any medicines for two to three days at a time. Thank you Gabapentin."""
Restasis,Dry Eye Disease,2,"""The mulitdose vial is a disaster as it fails to consistently deliver a drop no matter what I do.  The medication appears to be too thick or the hole too small.  My copay is $125 for 3 bottles, what a waste.  I used the single dose vials for 12 years with excellent results,  but my ophthalmologist retired & the new doctor prescribed the multiple dose.  I will try and get a new rx for the single dose vials if still available.  The manufacturer needs to return to the drawing board on the design of the multiple dose bottle.  Hopefully they will do a roll out with a lot of advertising when this occurs so I may try again.  I have never tried the competitors product, but now might be a good time."""
Liletta,Birth Control,5,"""Painful insertion but over quickly.  My first period since started Nov 30th it’s now Dec 20 and I'm still bleeding, the color changed and is goes from light to moderate. I’m pretty sure I now have BV"""
Sacubitril and valsartan,Heart Failure,1,"Entresto (sacubitril / valsartan)""Cardiologist highly recommended this.  Wonderful stuff!  I lasted 10 day before I had to stop taking it. Terrible muscle and ligament pain. Got worse daily. When I couldn’t get out of bed on my own, I called it quits. Been off of it for two days and am almost back to normal. Be wary of this med and don’t try to push through the side effects."""
NuvaRing,Birth Control,5,"""I thought the NuvaRing was great that is, until I started noticing that NuvaRing likes to slip down to the vaginal opening and irritates my urethral opening. This happens constantly. I have also noticed that I am extremely bloated. I have tried everything to make the bloatedness go away. Doctor said it was water gain, but when does water gain ever go away? No acne, (not a huge sufferer of acne normally), no painful cramps (yet) I got on the NuvaRing immediately after getting off the Depo Provera. Maybe the withdrawal symptoms of the Depo Provera are coinciding with the new symptoms of the ring? I am considering not being on the ring. """
Wellbutrin XL,Depression,1,"""I was first put on Lexapro, but I gained 10 pounds in 4 weeks and generally felt like a robot. My doctor then switched me to 150mg Wellbutrin  XL. I took Wellbutrin XL for 5 days before stopping cold turkey. While on the medication, I felt wired like I needed to be moving at all times, almost restless. That wasn’t the most worriesome symptom though. I soon began to have chest pains, a very rapid heart beat, and my heart would actually skip beats which felt like someone squeezing my heart in my chest. After telling my doctor this, he said to stop immediately. I am now on day 3 of no medication and my chest is still hurting like someone is sitting on it, my heart isn’t as rapid, but is still skipping beats. I am incredibly dizzy to the point of being afraid to drive. I’m sure this medication works for some, but it has literally wrecked me and I wouldn’t recommend it to anyone."""
Wellbutrin,Depression,9,"""I'm taking this medication with Lexapro, however, I take Wellbutrin XL for ADHD and depression. It does cause some anxiety but nothing serious that would make me stop it. I'm going to leave another review in the near future because I just started it a week ago."""
Mesalamine,"Ulcerative Colitis, Active",3,"Salofalk (mesalamine)""Excessive dry mouth / headache / ridicules granule formulation which makes no difference to mode of action / Won't be using again."""
Vyvanse,ADHD,10,"""It works. Less is better anything over 15-20 mg makes me too focused."""
Ativan,Anxiety,5,"""I've had no obvious side effects except dry mouth. I had severe panic attacks (12-15 a day) before taking Ativan. I couldn't work and thought I was dying. Since I started it I have had only one full blown panic attack in 5 years."""
Levofloxacin,Sinusitis,4,"Levaquin (levofloxacin)""I don't know if I am getting well or not. But I am having a good bit of the side effects
 All the inflammation,  swelling,  weakness, and hurting all over hand arm, shoulders, legs and feet. I sit down an I don't want to move again because of all this. I'm also experiencing the confusion, emotional, and mood changes."""
Senokot,Constipation,3,"""I took this once awhile ago and it was great, no pain and relief. Because I had a good experience the next time I was constipated I was relieved to know I could take one...VERY different expertise second time around. The extreme  pain and cramping started about 16 hours after taking, I've had 4 children and the cramps felt like labor pains, I has nausea and weakness. Almost 24 hours later my stomach is bloated, I'm exhausted and while I've gone to the bathroom  I have not had a good bowel movement yet. I will never take again."""
Phentermine,Weight Loss (Obesity/Overweight),9,"Lomaira (phentermine)""I’ve been on this medication for 3 months and I’ve lost 15 lbs. this medication is a great for people who are struggling to lose weight and have tried everything. I plan on taking this medication until I hit my goal weight of 160lbs. I started the medication at 191lbs and now I am 176lbs. I have 16 lbs left to lose."""
MiraLAX,Bowel Preparation,9,"""Was prescribed Miralax & Dolcolax combination for colonoscopy prep, I was in tears hyperventilating from the horror story reviews in this forum. I came here to say: IT IS NOT THAT BAD. I’m 23 years old and (still) have a horrible fear of vomiting. I was petrified to take the doses prescribed because of some of these reviews. I forced myself to do it for the sake of getting this thing over with. Took 4 dulcolax at 4pm along with an anti nausea medicine, followed by the miralax solution starting at 5 pm. A couple of normal bowel movements within the first hour, then water like bowel movements every 20-30 mins until about 11pm/midnight. No pain, no vomiting, no nausea. Just diarrhea as intended. You’ll be a little chilly but NOTHING unbearable. You got it"""
Azithromycin,Bronchitis,5,"""I have had experience with IBS symptoms in the past.. Thinking the diarrhea I was experiencing with this medicine was from that. But now I'm thinking its the medicine. Cured my bronchitis but the immense pain I had in my stomach and burning of loose stool was not worth it. Happened the first day and the last day of the 5 day regimen. So glad it's over, just hope the loose stool is over too. I will never take this antibiotic again unless my life depends on it."""
Tramadol,Chronic Pain,1,"""Absolutely no help. A tic tac gives me just as much relief and fresher breath. Shameful to even be given in my opinion."""
Trazodone,InsomniaOff-label,8,"""I tried trazodone for the first time last night. I was prescribed to take up to 75 mg before bedtime. I took 50 mg at 9 pm and wasn't feeling tired or less anxious by 10 pm, so then I took another 25 mg. Around 11:30 pm I finally started nodding off and slept soundly until 7 am. I have tried over the counter sleeping medications and Ativan twice. I would say this medication is better than over the counter stuff and is like a milder version of Ativan. It didn't put me to sleep right away, but when it finally kicked it, it worked very well.
Hope this review helps!"""
Pantoprazole,GERD,1,"Protonix (pantoprazole)""I was put on this medication after my insurance company stopped covering another PPI that worked well for me. I lasted one month and spent most of it popping ranitadine since anything I ate or drank caused almost immediate heartburn. By the end of the month I was vomiting. It was awful. I hated to be a pain but I called my PCP and told them I needed to go back on my previous med, which of course involved a lot of paperwork on his part. I have a friend that swears by this medication but mostly all I did was swear during the month I took it."""
Levonorgestrel,Birth Control,1,"Liletta (levonorgestrel)""I rushed into getting an IUD. Didn't do enough research. I spoke to a few people who have IUDs and they love them. Well, I hate mine. It was the worst pain I've ever felt when I got it inserted. I've had it for about a month now and I haven't stopped spotting or bleeding since I got it. I have random cramps and back pains. I feel bloated and I have major mood swings. I have my monthly follow up appointment tomorrow and I'm thinking about having it removed, depending on what my doctor says."""
Bupropion,AnxietyOff-label,9,"""Was on Celexa for anxiety and and stayed sleepy all the time. Switched to bupropion (300 mg) and am very pleased with the results:  much less anxiety, improved libido, sleep well at night, lost some weight, and have more energy.  For me, it's a good choice for anxiety without side effects."""
Shingrix,"Herpes Zoster, Prophylaxis",6,"""I am a healthy 50 year old female who got the first Shingrix vaccine 3 days ago. 

No problems on day one, but I woke up next morning with a mid level headache, my arm was sore and hot to the touch, and injection site ached across to shoulders/upper back. Unpleasant but not unbearable. I was tired. I took 2 Tylenol and went back to bed for a few hours. By late afternoon on day 2, I was feeling pretty okay. Shoulder pain was gone.  Arm pain remains on day 3, but it is localized now to injection site. I feel fine in every other respect. 

Reading these reviews, I am very scared to get a second shot, but getting shingles also sounds horrible. 

I feel strongly that pharmacists should prepare people for side effects and never recommend doubling up any vaccine with Shingrex.

For the record, I had zero reaction to the J&J vaccine and just a sore arm for a day to my Pfizer booster."""
Ocrevus,Multiple Sclerosis,10,"""I’ve been on Ocrevus now for one year. Like all MS drugs, who knows if it is working except by MRI scans and the hope for no new lesions. It is very convenient for me, just a twice per year infusion, I’ve had no side effects, and using it has been a positive experience. No rash like tecfidera, and no pills. I feel fortunate that I tolerate it well."""
Montelukast,"Asthma, Maintenance",10,"Singulair (montelukast)""I have been on Singulair since it was first on the market. This medication has given me a life that is free of fear from episodes of asthma attacks. Before this medication I was using a steroid inhaler and short acting and long acting. Not to mention the nasal spray and the allergy medication. Five medications versus the one of Singulair plus a fast acting for exercise or shortness of breath."""
Atomoxetine,ADHD,3,"""I started this medication about two weeks ago and it is so 50/50 for me. In some ways it helps, but in other ways it is just awful. I feel like I have a stronger ability to stay focused and I feel more motivated, which is a plus! But everything else is just horrible. I went from fatigued all the time, to so much energy that I can't fall asleep and when I do, I can't stay asleep. I have GERD and IBS and it's so harsh on my stomach that I lost a few pounds. I don't have a strong appetite and my bowel movements are more active than normal. My body is so out of whack that I don't even know if it is worth taking anymore."""
Viibryd,Major Depressive Disorder,9,"""I am a 28 year old male. I was diagnosed with High Functioning Autism (Asperger's) when I was 19 and a couple years later with Treatment Resistant Unipolar Major Depressive Disorder. I've lost several jobs and did poorly in school due to severe social anxiety, and poor attendance. I always wanted to be alone and just sit in my room. I had a couple suicide attempts when I was younger. 

After trying many antidepressants my psychiatrist tried me on Viibryd. I began feeling better at the beginning of the 3rd week of treatment and soon my depression was almost nonexistent. I do have several odd side effects: Diarrhea, Dilated Pupils, Brain Zaps, twitching/talking in sleep, etc. But I am still better off than before."""
Clarithromycin,Sinusitis,4,"""I have been fighting a sinus infection for almost a month now. I am on my third day of taking 1000mg of this antibiotic daily and around 3 hours after taking the pills I get an awful taste in my mouth, along with an upset stomach, a heavy feeling in my stomach and a headache. Awful : ("""
Eplerenone,High Blood Pressure,1,"""I took one eplerenone 25 mg. tablet.  I could hardly get any urine out.  I reported to doctor who said that was normal.  My blood pressure 6 hours after taking the one dose was 210/106.  I looked Eplerenone up and found that it CAN cause high blood pressure as Aldosterone increases the amount of sodium & water a person retains.  I could barely urinate, so, I retained a lot of sodium & water. I stopped taking this after the 1 dose.  I cannot take a chance on a stroke or heart attack or heart failure.  I will start exercising to get rid of Adrenaline."""
Stelara,Crohn's Disease,5,"""Was on Stelara in 2018 for 5 months, because my GI told me I couldn't stay on Pentasa forever. I luckily have mild symptoms of Crohn's when on nothing or Pentasa, but then when I switched to Stelara I thought it'd make my stools nicer and just help with remission (because although I don't feel like I have Crohn's, my colonoscopies and first hospitalization prove me that I do). On Stelara I experience a lot of fatigue/low energy, feeling like I had more symptoms than usual/cramps/nausea, looser stools than when on Pentasa. So I got off of it, never went back to get injections, and went back on Pentasa but those pills are way too big so I stopped taking them and I started feeling worse.
But I never actually seen my results/bloodwork/stool check while on Stelara and I decided to give it another shot and see how well it's actually working on me. I'm again super tired, crampy, bloated, gassy, can't get over a cold. Hoping to see if it's all worth it at my next bloodwork and colonoscopy!"""
Qsymia,Weight Loss (Obesity/Overweight),4,"""My Doctor asked if I was interested in trying Qsymia to help jump start weightloss after I had my son. I have hypothyroidism so losing weight is never easy so I thought ""why not"". I did lose about 30lbs fairly quickly but thats when it went downhill. It stopped working so she raised the dosage...well, let me tell you...MIGRAINES every night. I didnt have any other side effects but they were so bad, it wasn't worth it. THEN when I stopped I got them again! Anything thats messing with my brain scares me. I toughed it out and the migraines stopped but I am slowly gaining the weight back without any diet change at all whatsoever. I went to my endocrinologist and he said to expect weight gain automatically if you stop taking a weightless drug."""
Norethindrone,Birth Control,3,"""I started taking this pill after I had my son and am currently on month 4 of taking it. As soon as I started taking it I began to have intense mood swings, and was constantly emotional. My poor hubby had to deal with a crazy me.  The mood swings does down after about a month or so on the pill, but I have also had multiple periods a month, with only 7 days in between. This pill has been a nightmare! Since I have stopped breastfeeding, I am going to look into other options."""
NuvaRing,Birth Control,2,"""Nuva ring has done its purpose in a very effective way to prevent pregnancy considering it prevents without having to remember to take it everyday. However, I have been over come with horrible anxiety. Anxiety has always been a problem for me but I was always able to manage with therapy and medicine for almost 5 years now. 2 months on the Nuva ring and I feel crazy. I'm paranoid, constantly making up scenarios and pretty much convincing myself they are true and not to mention I feel helpless. I am not a cryer but I cry everyday now. I'm also tired constantly and have experienced pretty intense headaches and a lower sex drive. My friends and family have told me as well that I seem off. I took it out today in hopes of getting better."""
Latuda,Schizophrenia,8,"""I have tried many anti psychotics over the years for my Schizo affective. At first I was on 120mg of latuda and I lowered it to 80mg because it was too high a dose. On 80mg, I think clearly, no psychotic symptoms and I’m the best I’ve been in years. Fantastic medication!"""
Terbinafine,"Onychomycosis, Toenail",4,"""I started taking this drug 7 days ago. Yesterday I left work feeling wiped out, anxious and irritable. Feeling way out of sorts today. I called my doctor and she says maybe try to ride it out as symptoms may go away after 10-14 days. I will check back in and let you know what the rest of my experience  
is."""
Phentermine,Weight Loss (Obesity/Overweight),10,"Adipex-P (phentermine)""The first week I had to force my self to eat I didn't have a taste for anything but once I took my first bite I ate it all 
Two meal a day big breakfast before pill
The second week it was self control 
 slight headaches from missing meals so don't skip meals 
I drunk tea so I could use the bathroom 
Ate high fiber foods and high protein foods
No sugar no drugs no alcohol no caffeine 
don't drink alcohol with this medicine alcohol is a depressant and APEX gives you energy you are going to feel so weird plus alcohol is sugar it's empty Calories 
I lose total of ten pounds in two weeks
I'm going on my third week 
Stay at 2000 -2500 calories per day 
Drink water no snacking eat salad if you get the urge I'm a medical student hopes this helps"""
Tramadol,Pain,10,"""I'm a 64 year old male with degenerative disc disease of the cervical spine. I was prescribed 4x50mg tramadol daily as needed for one month followed by one daily as needed long term.  I never needed more than a couple and now usually take none. I also have gout, now completely pain free due to allopurinol. I'd compare my neck pain as a 5 or 6 compared to my gout pain when it was untreated as 10. 
When I do have a 6/10 level pain tramadol takes it down to a 1 or even 0 with no side effects for me at all.
When my pain is 2 or 3 I never take medicines because I don't want to get habituated.
For my less than severe pain tramadol seems perfect."""
Nitrofurantoin,Bladder Infection,3,"Macrobid (nitrofurantoin)""Haven't had a UTI in probably more than 10 years.  Have recently been diagnosed with 2 in the last 3 months.  Had Macrobid both times.  The first time I ended up with fever and chills, but thought I was unlucky and had picked up a virus.  Symptoms went away by the end of the treatment.  When UTI came back, I was given the same medication.  Within 12 hours of taking the first does, my fever and chills became so bad that I almost went to urgent care.  Advil reduced the fever temporarily, but I won't take it again."""
Venlafaxine,Depression,1,"""Made me more depressed than I've ever been in just a couple of days. horrible drug"""
Escitalopram,Depression,6,"""Hi I just started taking this medication 3,days ago,  I take in morning .  I feel tired and mind is cloudy after.  I'm taking 5 mg  for first week then up to 10 mg,  does anyone know of the best time to take this med is??"""
Oxycodone,Chronic Pain,1,"Oxaydo (oxycodone)""HORRIBLE medication. This is my first review for anything but I felt I had to say something. I was on oxycodone 10/325 for years for chronic pain and never had a problem with side effects. Since being on Oxaydo, from day one, I've felt sick. Stomach pain and burning, nausea, constipation, horrible headaches and bouts of dizziness not to mention I'm in more pain now than ever. I've barely left the house since I started this crap. While I think an abuse-deterrent is a great idea, something is not right with this medication."""
Insulin Lispro,"Diabetes, Type 2",9,"Humalog KwikPen (insulin lispro)""The Humalog KwikPen insulin works well but I have had the issue of my pens jamming, sticking, and just not working. I called the number on the paper that was in the box with the pens. I spoke to the nicest young man and he helped me fix my pen then gave me some advice on how to avoid these issues in the future. He even got me a replacement because I ended up throwing a broke  pen away before I could finish using it (~100 units left)."""
Amitriptyline,Post Traumatic Stress DisorderOff-label,4,"""I was on this drug for 7 months - it was amazing at first. It turned me from someone who was triggered and in severe emotional pain constantly, into a fully functional adult. BUT it reaaaally messed with my cognitive ability, I couldn't remember certain words, I forgot how to spell despite always being great at English...it was really concerning. I've since found out it has anticholinergic properties, which can affect your memory. It also messed with my heart - I had a prolonged qt signal and my resting heart rate was around 120. I've now changed to mirtazapine which I've heard great things about, please please be careful with this medication."""
Misoprostol,AbortionOff-label,6,"""I was about 8 weeks. I’m still going through the process right now. I just want to tell anyway that’s doing this is that you got this, and you’ll get through this. I took my pills around 230 about 2 hours ago. A few minutes after I took them I experienced cramping that for me was very painful. I do believe that it depends on your pain tolerance. I hadn’t had a period in so long due to my IUD so the cramps were strong. I threw up twice no diarrhea yet. I also passed 2 blood clots, one which I believe was the pregnancy but I was too scared to look. I’m still mildly cramping and it is uncomfortable, but it’s almost over. I also did experience the shivers. I did all of this by myself on my bathroom floor with two pillows and a blanket to try to comfort myself as best as I could. Just remember why you’re doing this and that you’re making the best decision that you feel for your life. You’ll get through it."""
Medroxyprogesterone,Birth Control,5,"Depo Provera (medroxyprogesterone)""I had one injection in June 2012 after seeing a GP about wanting to try for a baby soon and he suggested I need to take Rubella immunisation and contraceptive. He recommended Depo as he suggested it has minimum impact on my body before getting pregnant because it's a progesterone only. After the visit I found out on the net that the Depo shot can stop my ovulation for up to 2 years! I was a mess for a couple of month, but after 6 months I felt my cycle were coming back, and after 10 month before I even got a regular period back I fell pregnant. Now we have a very healthy and happy 1.5 year old :) It is effective as a contraceptive and I'm now feel happy for what happened because I had a chronic anemia before but it got better while pregnant"""
Strattera,ADHD,3,"""I have been  taking stratter for 3months now ! I'm more tired when I take it bad I'm assuming gas pains but I don't care for it !"""
Revlimid,Multiple Myeloma,8,"""Prior to MM diagnosis, 8 months extreme pain in R shoulder, moving to L shoulder,  hips,  shins. Very painful, constant moving from area to area. Was diagnosied with arthritis, prescribed Diclofenac Sodium 1% GEL (prescription)  Instead, used small amount to area of pain, relief almost instant. Discovered CKD III disease, referred to Oncologist 7/27/21,  Admitted to hospital same day, bone marrow biopsy, markers indicated confirmation of MM, On  8/2/21, 1st Chemo prior to discharge from hosp. weekly Chemo scheduled & started 200 mg twice daily of Acyclovir, Weekly IV mix of bortezomib & cyclosphamide.  Velcade stomach injection.  Oral 40 mg Dexamethasone on IV day.  Stopped IV on 9/8/21. Continued Weekly Velcade stomach injection +10 mg Revlimid  9/11/21, take one caps for 14 days, stop 7 days, AND 40 mg Dexamethasone on days 1, 8, &15 of cycle. Now: Revlimid mid cycle # 2. Side affects some fatigue. Previous pain moving joint to joint is gone."""
Prozac,Depression,1,"""I used Prozac and nothing happened, my psychiatrist increased my dose but nothing happened so I was taken off."""
Acetaminophen,Pain,1,"Paracetamol (acetaminophen)""It is the ABSOLUTE WORST PAINKILLER to take when you have period pain. It does did not ease my period pain at all. I would not recommend it to anyone . DON'T TOUCH IT. I am very lucky now that I do not take Paracetamol anymore."""
Tretinoin,Acne,10,"Atralin (tretinoin)""This gel is great BUT you have to give it time. I went on it and after four months my acne only cleared a little but then bam! After the next month everything was great and then it's just all good from there. No random pimples popping up, just time for my scars to fade. I love it. And if you're a patient person who wants something gentle and not scary for their face, Atralin is it."""
Venlafaxine,Depression,7,"Effexor (venlafaxine)""I am a female senior and started taking this drug about 8 months ago, so far it works well for the depression at 150mg.   I missed taking the drug for 2 days and as a result I had terrible symptoms when I went to bed, my muscles felt like they were tensed and shaking, could not go to sleep but must have at some point and had terrible dreams, now I feel quite ill, stomach upset, gut upset,  sweating, horrible.  Had to take some pepto bismol tabs to try to settle my stomach.  Took my pill at lunch today, waiting to see if I start to feel better.  Surely there must be a drug that can do the same job without the necessity to take it with food and won't send you body into a tizzy if you miss a dose or 2."""
Buprenorphine,Opioid Use Disorder,8,"Subutex (buprenorphine)""I have been on and off the suboxone and now on the subutex for the last 12 months and I've found it so much better in so many ways. It's been super helpful but also super annoying and holding me back in a lot of ways, like not being able to go away for more than 5 days at a time  having to go into pharmacy weekly etc etc and also trying to over come the pains and hang outs to get off of it all together so I'm changing to the injection at end of this month and hoping it works and helps me become clean off subutex"""
Ziprasidone,Schizoaffective Disorder,10,"Geodon (ziprasidone)""I just started this drug about a week ago and it made all my paranoid thoughts go away, something Risperdal was never able to do for about almost 10 years I've been on it. I'm 22 now and I started Risperdal when I was either 13 or 14. Before I was on olanzapine which made me gain a lot of weight in the hospital when I was 13, it made me gain 20 lbs or more I think, and on Risperdal I've gained a lot of weight every year too. Now I'm 166 and I'm really afraid about being 200 lbs so I'm going to switch completely to Geodon because I heard a lot of amazing reviews about it. I'm not getting any side effects at all and I'm feeling much better. I'm on Paxil, Risperdal, Geodon, Lamictal and I'm going to try to get off of Paxil and Risperdal completely."""
Lorazepam,Anxiety,10,"Ativan (lorazepam)""This is the only treatment I found that made me feel like a normal human being again!"""
Biotin,Dietary Supplementation,3,"Hair, Skin & Nails (biotin)""I have been taking SHEDAVI hair+ skin+ nails. I'm n my first bottle. I've been having more frequent headaches. I'm not the one the take any analgesic but I've been force to take one to relieve my pain. I also hallucinate a bit I see thing running around my house I know can't be there. I was wondering if anyone had experience the same side effects and should I stop taking it?"""
Skyrizi,Psoriasis,1,"""this drug after close to 18months or more made no difference in low back guttate psoriasis dermatitis is which appeared as an allergic reaction after bad food and another drug.
 I've been given many drugs in the same class: enbrel humira skyrizi otezla consentyx they're all equally ineffective and only made my skin hurt. The dermatitis the MD was at war with was not my normal immune system over reacting no, The allergic reaction was to another drug or a bacteria in food. The only thing that puts the low back dermatitis closest to get guttate psoriasis calm down is two weeks of water fasting and avoiding the other mess provoking breakout."""
Etanercept,Juvenile Rheumatoid Arthritis,7,"Enbrel (etanercept)""Make sure and take the shot on your thigh. It hurts less. Also, do not buy into the advice about icing the area or letting the shot sit out for a bit to warm up some. It hurts the same. I have been on Enbrel for five months. The big red spots do go down after a week on the first few shots and after a month you only get a mark for a day or two. My advice is to give yourself your shot on a Sunday and by the weekend you'll have no mark. I am in college and it is not that bad. I am on 50 mg which has not worked well and my doctor is going to increase my dosage. It helps some, but Celebrex is still my go-to for pain. Wash your hands a lot!"""
Tretinoin,Acne,10,"Retin-A (tretinoin)""If you've come here looking for some hope on whether Retin A works or not than your answer is yes! I have been struggling with acne for almost 3 years now I want to think its a phase but who knows. I started retin A Febuary 2015 and it is now May 2015 and my skin looks AMAZING. Trust me I had that ""purging"" phase and it sucked so bad I didn't even want to go out and public because of how bad my face was. If you feel like it isn't working give it TIME, time and patient is key when using this product. I went through two purging phases during week 3 and 5 but after that it was pretty much a smooth ride. STICK WITH IT! Give it 3-4 months!"""
Ubrogepant,Migraine,10,"Ubrelvy (ubrogepant)""I've had intense migraines for about 30 years of my life with no hope for a cure. My migraines came in two-week cycles and lasted for 3 days with excruciating pain. Not gonna lie, there were days when I just wanted to die, but I knew after the third day my migraine would be gone only to start up again... I've lived day by day until now. Ubrelvy has been a godsend and has helped me enjoy life again. As soon as I feel a migraine coming on, I take one pill and just like that, the pain is gone in less than an hour. I am so grateful this medication was approved by the FDA. I have no side effects, and that means a lot since I'm very sensitive to meds. For anyone that is thinking about this medication, I highly recommend it! After all, what do you have to lose but your migraine? LOL"""
Lorazepam,Anxiety,5,"""I am 28 years old and have been taking Ativan for 7 years now for Anxiety and Panic Attacks. I started at 0.5 mg at bedtime, and over the years have needed constant increases. I am now taking 2 mg three times a day. The pill does it's job, but if I am even a hour late taking it (from when I usually do) I start developing severe mood swings, agitation, anxiety, total feeling like I am going crazy. I take the pill, and in about a hour I am feeling normal again. This has caused alot of stress in my relationship. My wife knows exactly when I need my pill, and even my oldest son started saying ""I think daddy needs his pill"" I have tried to taper in the past but the withdrawal side effects were bad. I hope one day to come off this drug."""
Trulicity,"Diabetes, Type 2",9,"""I am on my 3rd week of Trulicity.

I was really apprehensive after the first dose, and I waited for the awful symptoms to kick in.

I was looking after my diet and exercising. After 4 days, I kinda over ate and also had some ice cream. That's when the nausea and diarrhea kicked in. Stomach and nausea settled back to normal in a day or so.

To avoid these symptoms, its really important to avoid diary and eat very small meals.

My numbers have shown a dramatic improvement.

I've lost 11 pounds so far, but that because I have dieted and exercised along-with the Trulicity.

Good luck everybody"""
Plan B,Emergency Contraception,10,"""I am 235 pounds and my boyfriend full on finished inside of me, I took a plan B pill 3 hours later and My period came right on time this month! I have taken this pill 3 times in one year and I’ve never gotten pregnant. So DONT' WORRY GIRLS IT DOES WORK ON 180 POUNDS AND OVER!"""
Oxcarbazepine,Bipolar DisorderOff-label,10,"""I have used it along with Trileptal and it has really helped as a mood stabilizer especially the manic stage.  The bad part of taking it is when my doctor did not increased the Oxtallar XR & took me off the Trileptal all together I had a relapsed and was crying everyday.  I am back on the Trileptal and my doctor is going to increase my Oxtellar XR 3 times a day and taper 
me off of Trileptal slowly because my sodium levels are a bit high.  But other than that no complaints."""
Quetiapine,Borderline Personality DisorderOff-label,2,"""It worked for around 20 minutes to settle me but otherwise was ineffective, it was a sedative too, needed more and more as tolerance came on thick and fast."""
Amphetamine and dextroamphetamine,ADHD,3,"Mydayis (amphetamine / dextroamphetamine)""I asked my doctor about Mydayis because it lasts 16 hours.
   The first week I was so calm, never been so calm in my life, even with antidepressants.
I was able to focus during conversations. I organized my desk (a little). Cleaned my car out
(a little). My second week i was still focusing but I couldn't eat. I was repulsed by anything other than fruits, vegetables, cereal. But then I felt dizzy...sick to my stomach. My eyes seem to move involuntarily   Nystagmus )mand I got the worst eye strain I've ever had. My neck muscles felt extremely tight and I just kept massaging my neck trying not to panic. I tried to tough it out for the next 2 days but could not. It's been day 2 days since I quit taking it and my eyes are still involuntarily moving a little. I had big hopes for this med but this is how it worked it for me and I was only taking 12.5 mg.  I just needed to let everyone know about this possibility because I couldn't find any info about it. It would probably be considered a tic."""
Nitrofurantoin,Bladder Infection,5,"Macrobid (nitrofurantoin)""I was prescribed Macrobid twice daily for 7 days to treat a urinary infection. It definitely relieved my UTI symptoms within 12 hours. But at the same time, I have been coughing constantly, having chest pains, and experiencing severe dizziness and mental disorientation. I'm also getting ""brain zaps,"" like electric shocks in my head. I'm on day five, and I'm going to stop taking it. Fingers crossed that the UTI will not return since I didn't finish the course. But the side effects have been so miserable, I'm giving it up."""
Methylphenidate,ADHD,10,"Daytrana (methylphenidate)""My son has been on since 3 he is 12 & this shortage sucks"""
Norflex,MigraineOff-label,10,"""Only drug that has broken a bad 1 week cycle of migraines.  One IM injection and my head starts to feel better within the hour."""
Belsomra,Insomnia,1,"""Was put on 10mg of Belsomra. Within a week, my mood swings, anxiety, and suicidal thoughts have gotten progressively worse. AND it doesn’t work. Still awake hours after taking it. So I didn’t experience any weird side effects (like sleep paralysis) but it also made me feel worse overall. Treat the reason why you have insomnia first. This has just been my experience."""
Metoprolol,Heart Attack,1,"Metoprolol Tartrate (metoprolol)""I was put on metoprolol in 2010 25mg twice a day. I have just slowly tapered myself off. I wanna tell you I haven't felt this good in  9 years. I wished I had never taken it seriously"""
Isosorbide,Angina Pectoris Prophylaxis,7,"""My doctor prescribed this medicine due to on-going chest pain. I have now been taking it for 1 week and have a headache everyday. Nothing seems to help stop them. I have taken aspirin, Tylenol and even acetaminophen with codeine for relief and so far none have worked. The headache is constant throughout the day and is throbbing and causes dizziness. The good side is the chest pain has gone away. I'm considering stopping this medicine as the headaches are pretty bad."""
Levonorgestrel,Birth Control,8,"Skyla (levonorgestrel)""I had skyla inserted a year ago. Having it inserted was not pleasant. There was some heavy cramping and I was bleeding/spotting for the next two months or so but since then my periods have been light if I have them at all my acne has almost completely cleared up. I have not gained any weight, I have lost some (though not on purpose). Besides my partner sometimes feeling the strings and some bleeding during sex, as well as some painful cramping from time to time it's been good. No kids yet haha."""
Nexplanon,Birth Control,1,"""I've had the nexplanon implant in for almost 4 years. Had my second implant fitted last May but I'm having it removed today. I have always been a happy go lucky person with a positive outlook on life but it has literally sucked the life out of me. I now suffer from severe anxiety (daily) and have had depression. I am tired all the time and lack motivation due to this. I'm a shadow of my former self. After reading other people's reviews I've realised the implant are causing my symptoms. I wouldn't recommend the implant to anyone, it drained me from the person I was. Hopefully will feel much better in a few days after having it removed. AVOID!"""
1-Day,Vaginal Yeast Infection,10,"""This product worked great. I felt almost complete relief after the first day. The medicine did increase vaginal burning and itching after inserting it but nothing unbearable. Within 24 hrs I felt fine with almost no more symptoms. I would definitely recommend."""
Ustekinumab,Psoriasis,10,"Stelara (ustekinumab)""54 years old ..chronic psoriasis for over 49 years. I've had all the treatments known and then some. This medicine is a God send. It's the only treatment that's ever truly worked and I can say I'm 100%. """
Tamiflu,Swine Flu,9,"""Tamiflu helped reduce my 2yr old's symptoms to cold like symptoms. The coughing remained, but decreased. The vomiting stopped as did the fever and diarrhea. I would recommend this medicine."""
Abilify,Depression,1,"""My daughter was prescribed this med. She is now in Barns-Jewish Hospital with major problems! She has all the symptoms of Parkinsons. She has been thoroughly examined here. They say it could take up to six months for her to recover. This was a healthy 32 year old woman, who now can hardly function at all."""
Aripiprazole,Schizophrenia,10,"Abilify Maintena (aripiprazole)""Abilify Maintena has changed my life drastically in such positive ways. The AH, VH and TH are all gone, I am able to function without distraction of delusions, and can hold a steady job and take care of my children. I wouldn't be able to do any of this if it weren't for this injection."""
Bisacodyl,Bowel Preparation,9,"""After reading about bad experiences here, I was really scared to take this part of the bowel prep. I have IBS, a severe anxiety disorder, and have been sick with gastric symptoms on top of that, so I had every reason to think it would be the worst-case scenario for me. I was terrified of the bisacodyl pills and confident about the liquid mixture. Boy was I wrong. It turns out bisacodyl was the easiest part of the prep. I had no pain, cramps, dizziness, nausea or vomiting (and these are things that I'm prone to). It did make me kind of sleepy and weak though, so I recommend camping out and building a blanket nest on the bathroom floor or tub so you don't have to move very far to get to the toilet. After 20 mins I passed stool 4-5 times from this part of the prep, so nothing crazy and it only took effect for an hour or so. The most important thing to avoid complications is: STAY OVERHYDRATED throughout. I'm talking drink like two 16 oz bottles of water before even taking the pills. No pain that way."""
Paxlovid,COVID-19,10,"""My covid never escalated from a slight cough and stuffy nose. My temperature was 99.4°F when I tested positive, but after taking Paxlovid, it never went any higher. My husband, who I caught COVID from, has a high temperature of 102.5°F for over 2 days. So, I believe Paxlovid really helped keep my COVID symptoms mild. I didn't have any bad side effects, only the bitter taste in my mouth, which wasn't all that bothersome. I would 100 percent recommend Paxlovid, and I will take it again if and when I get COVID again."""
Amoxicillin,Bacterial Infection,1,"""This antibiotic has basically destroyed my well-being. After a week of taking it, I was pulled out of sleep with the most terrifying panic attack. I had never had a panic attack ever, and unfortunately, it worsened to the point where I am pulled out of sleep 6 or seven times per night, every single night, and there is an overwhelming anxiety that persists all day, every day. The anxiety/panic does NOT result from a thought or a fear. Instead, it is a full body, nameless, reasonless, terror.....a rush of hot white heat, heat racing, face flushed, and abject terror. I have no history of any depression, anxiety, or mental illness, and prior to this drug, I was healthy. I have been this way since using amoxicillin, and have remained so for four terrifying years. I've been to every doctor and specialist imaginable, trying to find a cause and help. I see that there are dozens and dozens of other patients who have left a similar review."""
Paragard,Birth Control,7,"""I got mine inserted November of 2013 and got it removed August of 2016. In terms of effectiveness, it was perfect. I checked my strings monthly and never had any pregnancy scares. The knowledge that I couldn't get pregnant was wonderful. I loved not having to worry about hormones, and I loved how easy it was on a day to day basis. 

The side effects were rough. I got multiple Pelvic inflammatory diseases. My cervix was constantly sore and tender during sex. The first 8 months were bad in terms of cramping and random yeast and bacterial infections. There was a year where I was fine, and after that  I wound up getting it removed on the third year because I had 2 back to back boughts of PID during the summer. I wish there was a smaller option."""
Polyethylene glycol 3350,Bowel Preparation,10,"MiraLAX (polyethylene glycol 3350)""I have always used miralax, plain with water, I just drink and get it over with. The dulcolax tabs work too so I don't ever have problems, but the magnesium citrate 6 hours before procedure, for me, is the worst. That 10 ounces of bitter salt water taste takes forever to finish - I'm already clean and still have to drink it.  I tried Moviprep  and  pain, stomach cramps were awful.  But with colon cancer years ago, I'm grateful each time colonoscopy is fine and a little nite of miralax is nothing."""
Zoloft,Panic Disorder,10,"""I started taking zoloft about 5 months ago and it has totally changed my life for the better. The first 2 wks were a little rough ( increased anxiety ), but my Dr increased my ativan dosage until the zoloft started working. It took about 4-6 weeks to truly start working, but once it did it was a life saver. I've had barely any anxiety and have been able to decrease my ativan slowly to 0.5mg per day. Would highly recommend this med for panic attacks and / or generalized anxiety disorder."""
Phentermine,Weight Loss (Obesity/Overweight),8,"Adipex-P (phentermine)""I lost five pounds in three weeks. I took the pill five days a week and took a break over the weekend. I definitely ate more when I did not take the pill. Overall, I have been eating healthy prior to taking the pill, but this has definitely helped me to avoid rush eating of sweets and other unhealthy things at times when I would be very hungry or stressed. The pill alone is not enough. Exercising on a regular basis makes a big difference. I'm looking to lose five more pounds by the end of this month."""
Aspirin,Prevention of Thromboembolism in Atrial Fibrillation,9,"""It appears that I got a rash from Eliquis. Am on aspirin and rash appears to be going away."""
Amphetamine and dextroamphetamine,ADHD,3,"""I have been on and off generic Adderall for many years. Currently, I have been prescribed 30 mg twice a day. For the last couple of months, it's been a nightmare. It's been on backorder and then changed the generic name from amphetamine salts combo to amphetamine/ dextroamphetamine combo. This is only because I have had severe headaches, extreme fatigue, and a loss of motivation. My ADHD has been out of the roof. It's frustrating because I feel like I did before taking any generic Adderall. I have even been concerned that maybe I was receiving a placebo rather than the actual medication. That's probably far-fetched, but it's been such a decline for me. There is something missing from this generic form and it is the essential thing that is needed to control my ADHD. I have even gained a lot of weight over the past two months. Hopefully, something will give, I can't imagine it affecting people like this and nothing changing."""
Bisacodyl,Bowel Preparation,1,"Dulcolax (bisacodyl)""It is almost 5am. I took it last night at 8 ish for prep for my colonoscopy. I never ever have diarhea, but all this morning I've been having diarheaa with a lot of blood in it non stop. This is the worst pain I've ever been in and I felt like I was going to pass out. Never again. 

Female/18"""
Sertraline,Anxiety and StressOff-label,8,"""I started on sertraline 2 months ago. I was started on 25mg for 1 week, then 50mg. I have really bad anxiety that when I leave the house, I'm having panic attacks. I can't walk anywhere by myself; I'm that bad. I have felt a little bit better, but now I have gone up to 100mg and hoping this will help me to feel normal again. This website is the reason I'm sticking with it."""
Prazosin,Post Traumatic Stress DisorderOff-label,9,"""Prazosin made my life so much easier when I was on it. I ended up being well rested, didn’t have nightmares, and it helped get my chronically high blood pressure in check. Took 1mg for half a year. Probably going to ask my doctor if I can be put back on it soon. I will say though, if you have to wake up early you’re definitely going to need to give yourself a good amount of time before you attempt standing up."""
Ciprofloxacin,Urinary Tract Infection,1,"""I have a UTI and Bladder Infection. Bad side effects!!!

- stomach ache
- insomnia 
- lots of gas
- headaches 

Hate this..."""
Nexplanon,Birth Control,1,""" I have been on the Nexplanon for 2 years now and let's just sat I wouldn't advise anyone to get this. I first got it because with my period  I always tend to have very bad cramps with vomiting as well. So I got on nexplanon to try to help stop my menstrual pains and vomiting. The pains stopped but not the bleeding, I would be on my cycle for 3 weeks, it would go off for 5-7 days and return. By July this year I starting cramping again which wasn't normal, in September I felt like I was in labor. I was rushed to the hospital and they told me I had a 3.2cm cyst on my right ovary. I truly believe nexplanon caused. So next Friday I am about to have it taken out and try Mirena, hopefully it makes my life a little easier."""
Trazodone,Depression,3,"""I feel all hung over, all day the next day, after I take just a 50 mg of trazadone."""
Prozac,Anxiety and Stress,6,"""I was going through a breakdown and eating healthy and working out but still life was a mess and I couldn't cope so my PCP prescribed this to get me through. I lost a bunch of weight, fine because I was a tad chunky and became numb to so many things but I was able to cope better and I had a bunch of energy. I couldn't sleep but it was okay with my 75 hour work week. It was hard to concentrate on my medical studies because I would get confused a lot but overall I adjusted and I would get on it again. Getting off it was smooth."""
Ambien,Insomnia,6,"""I have been known to fix a meal, send texts and emails while still asleep. I have also had phone conversations and not remembered having them on waking.,"""
Topamax,Migraine Prevention,10,"""I have suffered from severe migraines since I was 15 and the older I got the more severe they got I have been on numerous medications over the years but 5 years ago I found a neurologist that gave me Topamax and my life has changed completely 50g in the morning and 50g at night and I don't get any anymore I had a few at the start but haven't had a headache now for a few years thank God for Topamax"""
Amphetamine and dextroamphetamine,ADHD,10,"Adderall (amphetamine / dextroamphetamine)""I was recently put on Adderall for ADD. I have suffered ever since I can remember with not being able to focus on anything, having a wandering mind, and doing very poorly in school. I began to just think school wasn't for me. I had heard many negatives on Adderall and that is why I never asked my doctor if it would be an option for me. He suggested I give it a try and now I am on 10 mg every day/as needed and I feel better than I have in years. It has helped my depression/anxiety as well. I am happy to learn now and attend school. Wonderful drug for me."""
Dapagliflozin,"Diabetes, Type 2",6,"Farxiga (dapagliflozin)""Use flushable wipes EVERY TIME and it will be 95% Better. Using TP is burning,terrible build up! Happy Trails!"""
Lorazepam,Insomnia,8,"""My doctor started me off on 1mg 3 times/day and I kept trying less (with doctor permission) and am now down to .25 in afternoon and at bedtime with an additional .25 during night if needed - it works fine for me and minimal side effects."""
Levonorgestrel,Emergency Contraception,7,"Take Action (levonorgestrel)""I took this pill around 36 hours after my partner and I had a mishap and the condom broke, so I was really nervous, after taking the pill, I felt pretty normal for a few days and then started getting really bad cramps and had extreme fatigue. My period came a whole TEN DAYS late. I really wish I had bought plan b instead- the worrying and anxiety just isn’t worth it."""
Effexor XR,Depression,10,"""I had suffered for years with anxiety/depression back in the 80's and 90's, back then there was very little medication to help.  In the late 90s my doctor put me on Prozac which helped profoundly until it stopped working after 10 years. Then Effexor XR was introduced, this medication was a godsend and I still take it daily for the last 18 yrs, now I'm able to concentrate when I read and enjoy a happy and fulfilled life!"""
Leuprolide,Uterine Fibroids,8,"Lupron Depot (leuprolide)""I wanted to write a review for other women who are thinking about getting this injection. I read a lot of horror stories online so I was pretty nervous. I got the 3 month injection to try and shrink my large fibroids.

Upshot is, it wasn't that bad but my fibroids didn't shrink; however, it stopped my periods. Preventing the excessive bleeding is good for health prior to hysterectomy. But it's expensive and insurance will make you jump through bureaucratic hoops to get it.

After getting the shot, I felt kind of weird. Then I had one last awful period blowout a few days later. Since then, no periods.

Menopause symptoms included hot flashes, brain fog, mild acne, some moodiness and irritability. However I think a lot of this can be worked around with good nutrition, exercise, breathable clothing, meditation."""
NP Thyroid,Underactive Thyroid,1,"""Started taking NP thyroid about 3 weeks ago. I was taking WP thyroid due to recall no longer avail. I have chronic Lyme and co-infections. I've been feeling a lot better lately. About 2 weeks ago I started feeling very anxious, heart palpitations, extreme fatigue, severely depressed, brain fog, muscle pain/aches and the list is endless. I really though it was one of my co-infections coming back. Paid $580 to get tested for it and I was negative. Couldn't figure out what was causing all of this. Until I googled NP thyroid it smells like cat pee. I will no longer be taking it. I don't know what to change it to, I see my doc on Monday I hope to get it sorted. Please don't touch this stuff."""
Estradiol,Postmenopausal Symptoms,5,"Climara (estradiol)""The patch works great and doesn't come off, if you can ever get the backing to come off to actually put it on.  The patch stretches and it is horrible to get off.  takes about an hour after bending it to remove a portion and then pulling it apart trying not to wreck it.  very frustrating.  I have to use the patch because my insurance will no longer allow me to take the oral meds that worked great and had the same dosage.  Ugh."""
Hydroxyzine,Anxiety,2,"""Hydroxyzine just made me drowsy with my severe anxiety did not help me at all"""
Junel,Birth Control,1,"Mibelas 24 Fe (ethinyl estradiol / norethindrone)""Like many others on here, I was swapped onto  the Mirbelas 24 Fe pill due to insurance reasons. I have nothing that good to say about this pill. I’ve noticed
-increase in anxiety
-weight gain of around 15 pounds
-heavier periods
-longer lasting periods
-irregularly in periods
-more headaches
-sore breasts
-cramps (never had cramps before taking this) 
-cystic acne"""
Ambien,Insomnia,8,"""I was prescribed Ambien, then later Ambien CR, for several years for insomnia.  Wow!  Just like I'd heard about -- take the pill and 20 minutes later I was out.  Didn't really experience ""hangover"" the next day, but then I allowed myself 7 +/- hours of sleep.  Then, it happened:  woke up one morning and my kitchen was somewhat of a mess but I didn't remember being up or making tuna salad on toast.  That happened a few more times before I weaned myself off Ambien.  Haven't had a good night's sleep since.  I've been prescribed a few different sleep meds but haven't had any success.  Tried OTC diphenhydramine (Benadryl, Motrin PM) with Melatonin and began not remembering simple words, appointments, etc."""
Junel,Birth Control,9,"Lo Loestrin Fe (ethinyl estradiol / norethindrone)""I've been on this birth control for over a year and overall I had a really positive experience with it. I didn't experience any mood swings, had little to mild acne around my period, never experienced any pregnancy scares, and had no nausea, headaches or weight gain. The only problem I experienced with it, and ultimately had to switch birth control because of it was the fact that I would throw up for hours whenever I consumed ANY amount of alcohol. To make sure it was the birth control, I stopped taking it and after 4 or so months I was able to drink again without any problems. Though I feel this is very rare situation, overall I believe this birth control was great."""
Yaz,Premenstrual Dysphoric Disorder,9,"""I started this pill because I was having crazy mood swings and just not feeling like myself at least 3 weeks out of the month. My doctor prescribed me this hoping it would also treat my acne along with PMDD. Well, the first month was pretty rough as far as my acne was concerned but it wasn't as bad as I've read in other reviews. I had a few painful cystic pimples within 2 weeks of taking Yaz. I felt really embarrassed because my old pill (loestrin) gave me clear skin and I wasn't used to acne anymore. Well now I'm about to start my 4 inactive pills and about 3 days ago my skin just cleared up like MAGIC. I read that it takes about 3 months to level out your hormones. But I finally feel like myself again! No more crazy crying fits!!"""
Escitalopram,Generalized Anxiety Disorder,1,"Lexapro (escitalopram)""I’m so devastated that this drug didn’t agree with me. I took 5mg for one day and I’ve never been so sick in my life. The nausea was so intense that anti nausea tablets didn’t even work :( I was really hopeful after reading all of the reviews but I will have to give something else a try. Hoping I find an SSRI that agrees with me."""
Pregabalin,Neuropathic Pain,1,"Lyrica (pregabalin)""I had  needles and pins from back, stenosis, disc bulging so was given Lyrica. Only took it 2 1/2 days as it made me feel terrible.  Felt like a zombie, couldn't think straight, slurred words, tripped easily.  My husband said I wasn't acting right, got irritated and angry very easily which I don't usually do.  This was on 50mg and then I was going to 75mg.  I stopped today and won't take it again.  Not worth it to me."""
Ulipristal,Emergency Contraception,5,"Ella (ulipristal)""So 2 days ago I took it again after a incident. Surprising that day side effects were a lot less I only had tiredness and abdominal pain. Went to bed and the next morning was feeling fine. However as I was going through the second day I started getting headaches, feeling dizzy and very hot. I sat down and during the afternoon I felt weak, back and leg ache and abdominal pain. My temperature continued to rise and I begun to feel nauseous. I went to bed to try and sleep it off but got shaky and could not stop the shakes. Even though my head was hot my body was shaking. I have woke this morning and have a very bad headache and hotness , I am hoping these are the only side effect today. It has alarmed me this pill has hit me worse the second day and the side have continued. The pill does work in preventing pregnancy but I will never take again after feeling this way, it scared me too much."""
Belsomra,Insomnia,2,"""My insomnia has gotten out of hand recently and diphenhydramine and melatonin were no longer working for me. I received the sample pack of suvorexant from my doctor. I took 20 mg and it had absolutely no effect on me at all. Took a few hours to go to bed and woke up less than 4 hours later. What a joke! Maybe it works for others and maybe I have some problem with my thyroid for example (still waiting to receive results from my bloods) that causes this not to work for me."""
Epclusa,Hepatitis C,10,"""I am on week 11 of 12. Almost done!
I have genotype 3a. I have only had hep c for two years, but it's been a rough two years. I already have stage two liver fibrosis, as well as fatty liver disease, not to mention my liver enzymes had consistently stayed in around 90 and 200. I learned that genotype 3 can be very aggressive.
Even though my doctor told me this medicine, should work great for me, I was still worried it wouldn't work for me.
The first couple of weeks taking epclusa I was more fatigued than usual, but that side effect subsided. I haven't really had any other side effects at all! 
since 6 weeks in, my viral load is undetectable, and my liver enzymes are back to normal levels for the first time in 2 years!"""
Hydrocodone and Acetaminophen,Back Pain,9,"Vicodin (acetaminophen / hydrocodone)""I have been diagnosed with severe chronic pain due to herniated disc which causes sciatica.   I have tried everything over the counter... NOTHING WORKS.  Yet, one Vicodin and the pain finally went away.   Unfortunately only temporary."""
Estradiol,Oophorectomy,1,"Vivelle-Dot (estradiol)""I had a complete hysterectomy but this gave me no relief of hot flashes at all.  I feel tired all the time and gained 10 lbs.  I have been using the Vivelle Dot .05 mg patches for months and thought I would be feeling better by now.  Going back to the Dr to get something else because these patches are useless."""
Venlafaxine,Anxiety and StressOff-label,8,"Effexor XR (venlafaxine)""I was prescribed this medicine after being hospitalized in a mental facility. I was previously taking Zoloft and Wellbutrin which stopped working for me and the increase in dosage led to increase in depression and anxiety. I have to say Effexor beats any anxiety medicines I have ever taken. This medicine makes me feel normal. The only down side is the side effect your body has if you miss a dosage. I began to feel light headed and very emotional if I miss more that 1 dose."""
Nivolumab,Non-Small Cell Lung Cancer,1,"Opdivo (nivolumab)""Opdivo is a JOKE ! My husband had a heart attack the day of his second treatment and died the following week because he could not undergo surgery due to being so weak. We were not aware of some of the side effects. After his death I owed more to the cancer center than the hospital due to the fact that this immunotherapy drug cost $16,000 per treatment even though medicare and the supplement helped pay. The ONLY ones who benefit from these drugs are the drug makers. I honestly do not know a single cancer patient that immunotherapy has saved."""
Medroxyprogesterone,Abnormal Uterine Bleeding,5,"Depo Provera (medroxyprogesterone)""I had been on the Depo-Provera injection for 10 years but unfortunately I had to stop taking it as I had a DVT in my leg last July which was misdiagnosed for Cellulitis and given antibiotics which then resulted in PE's in both lungs, I ended up in hospital for 4 days, my right ventricle had swollen and was struggling to pump oxygen round my body, I was lucky as I do a lot of fitness and my heart was healthy so recovered within 2 weeks thankfully. So I am not to take the Depo anymore so my last injection was October last year, well what a nightmare  of a time I am having, my breasts are sore for about a week every month, getting frequent headaches, I never know when I am going to bleed as it happens beginning, middle and end of month, luckily I have not been caught short, but as I write this I have been bleeding for 9 days solid and it is not letting up, blood still very red, slighting clotting on day 2 or 3 but coming off Depo-Provera has been such a nightmare for me."""
Otezla,Psoriatic Arthritis,3,"""I gave it a try for 2 months, but the abdominal pain, diarrhea, and pounding headaches never went away.  I verified that you can cut the pills to try to taper up the dosage and they start you on smaller dosed pills to begin with anyway.  After 2 months I never got up to the full dose and my side effects never got better.  I did try taking the full dose and had rapid diarrhea and had a pounding headache that lasted 3 days.  It was less successful than 3 of the 4 TNF-alpha inhibitors I had tried and less effective than Xeljanz (tofacitinib) at treating my psoriatic arthritis."""
Adderall,ADHD,7,"""Started Adderall 2 weeks ago. I am still trying to find the right dose. Doctor said ""start with 10mg morning and afternoon but if that's to much take 5mg morning and afternoon"" I'm finding if I take 10mgs and my day is really busy I am fine but if my day is not than I notice my heart rate and a need to be doing something. I'm not sure about this medicine yet but willing to give it a little more time. I just want to know if the feeling of needing to be busy will end."""
Paragard,Birth Control,10,"""I'm a younger woman (18) and I got my ParaGard IUD about 2 and a half months ago. I really psyched myself out about insertion but mine was relatively painless with a super quick twinge. On hormonal birth control I experienced heightened depression and anxiety. I feel much more myself on ParaGard because there are no hormones involved. As for periods, I have experienced no cramping but 3-4 extremely heavy days (soaking a super plus tampon every hour and a half) and then 2-3 very light days. I've heard periods get better the longer you have had the IUD. I'm about to be a college freshman an university and I feel very confident in the efficacy of this device. Excited to be baby free for up to 12 years. Recommend for teens & anyone on the fence"""
Aimovig,Migraine Prevention,10,"""I have been suffering from migraines my entire life, 60 years. No preventatives have helped me until now. I just had my 3rd injection and I can honestly say WOW... what an amazing drug where have you been all my life. I usually get a migraine daily. Over the past 3 months on Aimovig I have only had 5 migraines and they were not as severe as they normally are. I finally have a life. Thank you Aimovig."""
Levonorgestrel,Emergency Contraception,5,"Take Action (levonorgestrel)""I took this pill after having unprotected sex on my highest Ovulation day, and my s.o ejaculated in me. I took this pill about 12 hours later the next following day on a Sunday 9/12/21. I threw up on Tuesday which is a common side effect. I got worried after that but the pill itself would have been dissolved by then so I didn’t throw up the pill. I was very dizzy also, drained and just exhausted. The following day, Wednesday, I got some bleeding and heavy discharge. This went on for 2 full weeks, 14 days! just light spotting and old blood which was really annoying up until I finally got my period on 9/26 which was 3x heavier than usual the first 2 days and I already have heavy periods. I’ve been very very moody and irritable since I took the pill. I do not recommend ladies. I would try every store for a Plan B and not the Take action. Side effects are horrible. IMO"""
Nurtec ODT,Migraine,1,"""Side effects are worse than imitrex and taste is awful. If this actually worked I may have been able to deal with the fatigue, stomach pain and nausea but alas, it’s like popping a horribly flavored breath mint with no effect on headaches!. No thanks"""
Junel,Birth Control,9,"Gildess Fe 1/20 (ethinyl estradiol / norethindrone)""I'm 32 and have been taking GILdess for 3 months. My period has been light, although my acne spikes a little mid-cycle. My breasts are sore about half the time (which is typical for me.) I otherwise really like this pill and don't feel any different than when I'm not taking birth control."""
Olanzapine,Schizoaffective DisorderOff-label,8,"Zyprexa Zydis (olanzapine)""No medication has gotten rid of all of my symptoms but Zyprexa Zydis is one of the best I've tried (and I have tried them all literally). I noticed the munchies on regular Zyprexa tabs but none on Zyprexa Zydis....I have actually lost weight. I gave it a rating of 8 because I still have symptoms of schizoaffective disorder but high enough rating to give it kudos compared to other drugs."""
Semaglutide,"Diabetes, Type 2",10,"Ozempic (semaglutide)""2nd week.  No negative side effects!  Has been life changing. I used to be dictated by severe hunger pains every 3 hours.  Even middle of night resulting in poor sleep and living to get rid of the pain.  Ozempic has taken that away.  I feel like a normal person.  Not too mention my blood sugar is in the normal range most days!  Love it!"""
Lamotrigine,Bipolar Disorder,8,"""I've been on this medication twice; for 3 years in my early 20s, and I've been on it for the past 5 years. It has been the only stabilizer which helps even out my mood swings without feeling drugged. Lamotrigine stops my bipolar depressive episodes from happening as often.
Initially it caused body aches and fatigue, which I normally deal with due to fibromyalgia, but noticed it each time the dose increased. Started at 12.5mg and increased by 12.5 every 10 days. 150mg is the most I can take without the side effects becoming noticeable.
This medication needs to be worked with a little bit in order to get the dose where it should be."""
Lisdexamfetamine,ADHD,10,"Vyvanse (lisdexamfetamine)""Parents putting there kids on this stuff, yikes, man I just feel bad for your poor child. You realize you're giving them pure amphetamine right? I would avoid taking amphetamines until your brain has finished developing. Age 21-25. It's just absurd that something like Vyanse is prescribed to children. That said, for adults, this stuff is wondrous. Has changed my life. I've been taking 60mg Vyvanse for 3yrs straight with zero issues. Zero break.  Zero tolerance. I'm 32. Male. I've literally tried it all (Dex, Desoxyn, Addie, Provigil) & nothing comes close Vyvanse! If you truly have ADHD as an adult, this drug will alter your life in such a positive way! Adults only though!!! Common parents, you're totally screwing your kids over."""
Zomig,Migraine,8,"""Except for what I would classify as bad heartburn the drug appears to be very effective."""
Sulfamethoxazole and trimethoprim,Urinary Tract Infection,5,"""I was prescribed bactrim for a raging UTI (that I had over a month due to no health insurance) and I had a prescription of 20 tablets that I needed to take. I might want to add that I'm allergic to amoxicillin. During the process of taking Bactrim  I experience nausea throughout  the whole day even when taken with a meal either before or after.  I also felt very fatigued, weak,  and didn't really have an appetite.  After finishing my bottle yesterday,  this morning I woke up with a very sore throat and having a very hard time swallowing ( I still have my tonsils and when I get sick I always get strep throat hoping that's not the case.)  Overall, I'm glad my UTI is gone, but this medication I would try not to take it again due to it making me still feel unwell."""
Paragard,Birth Control,1,"""Absolutely horrid! 8 month and extreme nausea, depression, anxiety, terrible unstoppable thoughts, dizzy, constant infections since insertion. The list goes one. If you value your mental health, run far from this product!!!"""
Saxenda,Weight Loss (Obesity/Overweight),7,"""I'm 44 yes old and starting weight was 265lb I'm 5'6 I have been on saxenda for 1 month and lost 12 pounds. I just started working out maybe 2 weeks now and I try to watch what I eat. It does suppress my appetite and sometimes I get full really quick with smaller portions food and if I try and overeat I feel so heavy and full but overall no major side affects, just  a little constipation at times. I'm on the 3.0 dosage now so I'm really excited to see where these next couple of months take me on this weight loss journey..Check back in a month..Good Luck everyone..Determined Kay"""
Fluconazole,Vaginal Yeast Infection,10,"Diflucan (fluconazole)""First make sure you are being diagnosed with a yeast infection via a swab just in case it is bacterial! If that is positive for yeast, your doctor will recommend dosage and frequency, sometimes you could have outer discomfort associated and may use the external yeast cream that comes in the yeast infection otc box at the same time you’re taking the pill. Use it for at least 7 days (the external cream) no matter how many days worth of diflucan. If you are getting external symptoms, may be due to too much external cream or if you are using only pill, may be due to another infection you may have. Important to have a swab done. Probiotics aren’t necessarily the best. I recommend concentrated dose of chamomile, garlic, low to no sugar, greens, and possibly tea tree, or boric acid suppository. ( make sure it is administered correctly). Too much of one probiotic could be harmful if your body already has an abundance of one. Try other remedies. Hope this helps!"""
Sumatriptan,Cluster Headaches,10,"""I've suffer from cluster migraine on and off for 10 years. They last about 1-3 hours everyday for 30-40 day  and this happens usually once sometimes twice a year.  When they first started doctors really didn't tell me much they about then 5 years ago I seen a new doctor he prescribe me  Sumatriptan nasal spray it get rid of them in 10-20 min. I can not say enough good things about this drug it's really helped he get on with everyday life"""
Abilify,Bipolar Disorder,10,"""I started this medicine not too long ago and love it. I have been on many other medicines over the years without good results. The one thing I would like to say to others who have written comments here is, do not say you would not recommend this to someone because it doesn't work for you. That is the reason there are different medications, and just because it doesn't work for you, it is ridiculous for you to say you wouldn't recommend others take it."""
Ketorolac Tromethamine,Pain,9,"Toradol (ketorolac)""I get shots of this when I have a migraine. The shot hurts, but once the medicine kicks in, you feel a lot better. You probably wouldn't want to drive on it though."""
Relafen,Rheumatoid Arthritis,4,"""Like Celebrex and Vioxx, this caused blood pressure spurts, along with dizziness, weakness, and other side effects. Too dangerous for me to take because of how high it would send my blood pressure within an hour or so of taking it."""
Methylphenidate,ADHD,1,"Cotempla XR-ODT (methylphenidate)""My 7 years old son started Cotempla to treat his ADHD after 3 years on non stimulant medication. The product has not work for him at all.  After 2 hours he is very tired and feel sleepy then after 6 hours when the product comes off his system, he become very hyperactive, impulsive with a sudden burst of energy. And this last hours. He has difficulty to fall asleep, his appetite is massively reduced. We will have to stop this medication and find something else that works better for him."""
Bupropion,Major Depressive Disorder,2,"Wellbutrin (bupropion)""I started taking Wellbutrin for my depression, and it was the first medication that I have tried. The first week and a half or so was uneventful and I barely felt any change. After that, things went downhill. I began having major mood swings - I would go from being happy and energetic one minute to so depressed I would break down crying and couldn't even motivate myself to do anything to being angry and agitated for no apparent reason. I also began to ""space out"" at random times, myself or my friends and family would catch me staring at the floor for minutes at a time. I also had a sort of out of body experience where I lost my sense of self and felt depersonalized for about 15 seconds. I ended up stopping the drug after just under a month."""
Dulcolax,Constipation,10,"""I haven't had a decent BM for weeks so I tried Dulcolax. At first, I was anxious because of the comments I read here but I went ahead and drank a tablet anyways. I took it around 10am, drank plenty of water (twice the amount of my normal intake) following the suggestions of some of the commenters here. 
By 6pm, I had my BM! It was swift and easy with minimal cramps towards the end. I would take it again if needed.
To everyone, it really helps to DRINK PLENTY OF WATER!"""
Macrobid,Bladder Infection,6,"""I took this twice a day for 5 days. Cleared my infection but made me tired, hot, and had shortness of breath the whole time. Had nausea the first two days but that went away. Allergic to sulfa and several other drugs so this was prescribed. While it worked, I don't think I would ASK for this again."""
Ciprofloxacin,Urinary Tract Infection,2,"Cipro (ciprofloxacin)""Cirpo gave me severe nerve pain in my neck and head less than 24 hours after starting the medication."""
Vraylar,Bipolar Disorder,10,"""I started at 1.5 mg after coming off of 50mg of Zoloft. Since starting Vralyar, I've felt wonderful. I was like a  roller coaster with ups and downs. I still have ups and downs, but they're less severe and less common. I have been a bit restless, and I've started sleep talking which may or may not be related. I feel amazing now."""
Vyvanse,ADHD,10,"""Started Vyvanse (30mg) about 3 years ago, and still on it to this day! I am extremely more concentrated, and have more motivation throughout the entire day. This medication saved my life, and I have not looked back every since! Plus you loose weight, so that's a plus (:"""
Kyleena,Birth Control,10,"""I have had the Kyleena for almost 2 years. I found the insertion to be uncomfortable but not painful, just an intense cramp when they dilated my cervix for insertion. Following the insertion, I had cramps for a few hours and I had spotting for a few days. My periods continually got lighter and became more irregular, before stopping altogether. Kyleena has been effective in preventing pregnancy. I have experienced anxiety and depression more frequently since having the Kyleena inserted, however, I can’t definitively say whether Kyleena was the cause or if it may have been situational."""
Keppra,Seizures,1,"""This is the most horrible medication I have ever taken. My usual personality is calm, reasonable, optimistic, positive etc. Well not with this medication. My husband and I have been married for 43 years, we have had our ups and downs but never thought of divorce. With this medication my husband stood by me. What we went  through was uncontrollable everything, crying, screaming, unreasonable, and just plane hysteria. He was a saint, I on the other hand I was totally out of control and could not stop myself no matter how hard I tried."""
Atarax,Allergies,8,"""Used this medicine during a course of pain management, it helped tremendously with the itchy feeling you get from opioid medication. It was just short term use but made a great impact!"""
Risperdal,Bipolar Disorder,4,"""This medication gave me severe anxiety and disassociation-like feelings. I felt as if I was being dragged from reality. It was used as an antipsychotic for my bipolar disorder. I highly recommend you try Abilify instead if you have similar symptoms like I did."""
Bupropion,Depression,9,"Wellbutrin XL (bupropion)""I've been battling moderate anxiety and depression for most of my adult life. I'm 24 now, and since my official diagnosis at age 20 I have tried 4 other medications (Celexa, Zoloft, Paxil, Buspar) and found that each one increased my anxiety, or made me a despondent zombie. 3 months ago my PCP put me on Wellbutrin.
Let me tell you, this medication saved my life. I went from spending days lying in bed, smoking weed, having daily panic attacks, to waking up with a desire to take on the day. In the few months since I've been on the medication I've lost 30 pounds. It suppresses the urge to binge eat and provides energy for the gym. My friends said I finally seem like me again. Highly recommended if you hate SSRI's like me!"""
Propranolol,AnxietyOff-label,4,"""I realise propranolol is only for physical symptoms, and it did work for that. But the majority of my problem with my social anxiety is mind-blanks/mind-racing, negative self-talk, inability to follow conversations, and inability to speak in a logical manner. For those symptoms, propranolol did not work for me - if anything, it seemed to make it worse as I felt a bit ""out of it"" due to the disconnect between my physical symptoms and my psychological symptoms."""
Sertraline,Depression,9,"Zoloft (sertraline)""been on Zoloft 3-4 months. The usual side effects. Worst insomnia when I upped the dose from 50 to 100mg, which lasted about 2-3 weeks . Insomnia returned when I upped to 150mg, but not as bad. I am at 150mg. I take it at 5-6am now, which knocks me out and I sleep additional 1-2 hours, in a very relaxed state. I kind of use it as a morning sleeping pill. If I take zoloft at 10pm, it has opposite  effect and I can't sleep. Depression is mostly gone, generalized anxiety is completely gone, social anxiety is reduced significantly. It took 2 month for the anxiety to go away. For public speech I still use 40mg propranolol 1 hour before the event, and the results are overall great."""
Skyrizi,Plaque Psoriasis,1,"""I can't believe what they're charging for medications nowadays $30,000 four times a year just ridiculous out of control"""
Amoxicillin and Clavulanate,Skin or Soft Tissue Infection,7,"Augmentin (amoxicillin / clavulanate)""I have used Augmentin several times mainly for skin infection (acne) and had found it effective although I took only half course of 7 tabs x 625mg on each occasion. So far I have experienced no sight effects. I also increased my probiotics intake while on this antibiotic. The probiotics should not be taken at same time but after a lapse of time, say four hours or longer after consuming the drug. I would recommend Augmentin as it is effective and to me there is no side effect."""
Suboxone,Opioid Use Disorder,10,"""My wife and I have been on Suboxone for about 2 years. We have linked obesity to the side effects. Suboxone drastically slows down your digestive track. It's not limited to just the digestion track. Anyone taking Suboxone will notice a number of things, In males the number of sperm released is also greatly affected. In Humans Suboxone does something to the human body that restricts dilatation of vascular digestive function in tube like organs. The vas deferens during ejaculation, prostate control, (premature ejaculation), sphincter dilation, and lower digestive track speeds. People will gain weight over time."""
Doxycycline,Bacterial Infection,1,"""I took this for 7 days. On day 6 I woke up to swollen eyes/puffy eyelids and uncomfortable pressure in my head. It’s been one week off them now and I still have the pressure in my head. My head feels really off...not right. I also had the bad reaction to sun(rash.) Got tingling in my face as well. I’ve taken many antibiotics and this has been the worst by far. :("""
Lexapro,Anxiety,9,"""I was diagnosed with major depression and anxiety. I had crippling depression, could not sleep, eat, get out of bed or interact with anyone.  I cried uncontrollably and did not know why and if that was not enough I was having frequent panic attacks (more than one per day). My PDoc tried several meds and Lexapro 20mg is the best.  I also take Clonazapam 0.5 mg, and Wellbutrin 10mg for sexual side effects.  For the first time in my life I feel normal, having never felt this way before.  I do not like the sexual side effects so that is why my doc prescribed Welbutrin. It doesn't seem to make any difference.  I am drowsy and forgetful and lack motivation. I will ask my doc if a withdrawal from Wellbutrin or Clonazepam will will help."""
Ranexa,Angina,1,"""I have Microvascular Angina and am already on various medications. I started  375mg of Ranexa twice a day a week ago and I’ve felt like a zombie since, with a permanent headache, dizziness and all I want to do is sleep. Hoping it will ease off."""
Viibryd,Depression,10,"""I have been taking this medicine for a three years now. I have tried every antidepressant out there I think. This is the only one that works for me. Along with Abilify and Trazadone this has been a miracle worker for me. I have no side effects. The Trazadone helps with sleep and no nightmares. I wouldn't be around if it wasn't for Viibryd."""
Escitalopram,Anxiety,8,"""I decided to try Escitalopram after battling severe anxiety and depression for over 4 years. The initial side effects were extremely hard to cope with. I personally couldn't work for the first 5 days. I struggled to concentrate, function normally and just slept all the time. After about day 10-11, I was feeling good but a bit zombie-like as if I was living but not really emotionally there. My doctor recommended I start taking 20mg after 1 month of taking 10mg. I'm now on week 9 and feeling somewhat normal again. It's been a trip out to wonder whether this is the actual happy me that went missing or whether everything is just being masked. Overall I am happy and my anxiety and depression has vanished. Still can't cry though."""
Ketorolac Tromethamine,Pain,10,"Toradol (ketorolac)""Woke up with severe stomach, flank, and left sided back pain. About 5 days of horrific pain scheduled doctor's visit. He then sent me to the ER. Was kept in the ER for over 8 hours. Given IV meds that got rid of pain for a short period of time, but made me itch horribly. Went back to my PCP and was told I had diverticulitis and possibly triggered my degenerate disc disease
 Given antibiotics and an injection of toradol.

Heavens above my pain is gone. Prescription toradol every 6 hours PRN. I am so grateful. This has got to be a wonder drug. Hope I can heal and pain stays at bay"""
Losartan,High Blood Pressure,2,"""Terrible med. On Losartan for 1 1/2 year, and it caused severe diarrhea. I also had the same problem with Benicar which I was on for 9 yrs. These BP meds have terrible side effects!!!! Had angioedema with ACE inhibitor. Very frustrating!!!!"""
Medroxyprogesterone,Abnormal Uterine Bleeding,1,"Depo Provera (medroxyprogesterone)""I had my first shot on June 7th, to help with the severe heavy bleeding of my period. I started bleeding the next day, and have not stopped. Sometimes it is heavier than other days. The reason this is birth control, is because sex is impossible. I will not be getting a second dose. I hope the bleeding will stop soon. I would not recommend this at all."""
NuvaRing,Birth Control,5,"""So I had tried the pill in college which left me 30lbs heavier, fast forward 4 years and I find myself trying to pick out a birth control that wouldn't cause such a dramatic weight gain. I tried Nuva per my OBGYN's suggestion. I really like how easy it is to use. I never had a problem inserting or removing along with no problems during intercourse. My periods were also lighter. Nuva really worked with my schedule.The downfall is that my face broke out with cystic acne (which is extremely painful). My breasts hurt 24/7. I have no sex drive. I constantly feel like I have a UTI or something. My appetite is up and down sometimes I feel sick for no reason. Also I get 1-2 headaches a day since starting nuva."""
Methadone,Chronic Pain,10,"""I have been on 60mg day methadone tabs for about 5-6 years. As FISHINGIRL says I have had several teeth just dissinegrate. I have severe rheumatoid arthritis diagnosed at the Mayo Clinic. I also had a 20 foot fall off an overpass and landed on my back on the opposing guardrail. 9 ribs broken or fractured in 23 places and one protruding through my back. Methadone has been the only relief I have ever found. Oxycodone, Hydrocodone, Morphine and many more could not give me a life like Methadone has. NOW we have our new Texas Governor restricting all these meds. Sent to pain management and after 20  years they cut my methadone script by 90%."""
Dapagliflozin,"Diabetes, Type 2",1,"Farxiga (dapagliflozin)""Start the pills with no issue, days 1 and 2 blood sugar is consistent with what I had been seeing. Day 3 blood sugar is improved, nothing above 127 all day!  Toward the end of the day I get Killer headache and can't move my fingers/wrist. Before I get home to the test strips I know I've got diabetic ketoacidoais with a blood sugar of 127!  I will not be giving farxiga another attempt at killing me."""
Escitalopram,Irritable Bowel SyndromeOff-label,5,"""I agree with @Gregory123. It's been 4,5 months now since I quit escitalopram (Lexapro) and my IBS has gotten SO bad, I can barely function anymore. I don't remember having IBS before I started taking escitalopram. 
I definitely think if you already have IBS then escitalopram can help, but if you don't have IBS then be cautious because escitalopram effects the serotonin which causes IBS problems with the bowels. I'm considering starting escitalopram again just to get rid of the IBS..."""
Phentermine,Weight Loss (Obesity/Overweight),10,"""Before this medication, my entire life was food and alcohol. My heaviest weight got up to 225, pounds at 5'6 and 21 years old. I was always thinking about the next meal, and it seemed like I was never satisfied unless I had 3 servings. This medication stopped all of that right in its tracks- including my alcoholism. I've been on this medication for 1 month and have lost 13 pounds. Good side effects: Happiness, energy, focusing on life instead of food/alcohol. Inspired and motivated. On the latter: Just like with strong coffee- if you take it without eating enough you will feel jittery, light headed, short of breath, anxious. But bare with it, drink plenty of water and enjoy being slim!"""
Sertraline,Generalized Anxiety DisorderOff-label,9,"""I had anxiety since 2018
Last year there was severe anxiety and panic attack. 
My symptoms were hyperventilating, loss of appetite, shortness of breath, weakness , heart palpitations, I could not stand the smell of food, shaking , etc
Dr gave me 50 mg sertraline for 2 weeks and my anxiety became worse. 
I took 100mg and after 6 weeks on 100 mg I noticed lot of  improvements finally after 12 weeks on 100 mg, I was completely healed and my anxiety symptoms were gone 
I took Zoloft ( sertraline ) for 9 months and now I have stopped taking it. 
I rate this medicine 9 out of 10."""
Flomax,Benign Prostatic Hyperplasia,5,"""I was prescribed Flomax several years ago and experienced only ejaculation problems.
I'm 82 now and several of the many side effects have surfaced. 
1. Rapid heartbeat as high as 167.
2. Low blood pressure (causing fainting symptoms).
It doesn't seem to have affected my libido but the watery ejaculation is a nuisance.
If you read the complete list of side effects you'll undoubtedly find yourself in there somewhere.
Then you can make an informed decision on what's best for you.
Me? I'm stopping as of right now!"""
Yaz 28,Acne,8,"Yasmin (drospirenone / ethinyl estradiol)""I've had acne my entire life tried everything from roaccutane to special diets to expensive creams and nothing worked. Started Yasmin and my skin became absolutely flawless. I wanted a kid, so I stopped the pill and my acne came back instantly. My son is now 5 months and I've started Yasmin again because I need my acne to be gone! I'm 29 and it's annoying to have skin his bad. This pill makes me crazy, but I'll take the craziness for clear skin. My sex drive disappeared while I was on it too. Lost weight which was a plus."""
Zoloft,Panic Disorder,9,"""After 4 different medications, Zoloft has worked the best for me personally."""
secukinumab,Plaque Psoriasis,10,"Cosentyx (secukinumab)""I've had psoriasis since I was 5 yrs old the moderate to severe form of them. I developed Psoriatic Arthritis on top of my already moderate to severe psoriasis after being abruptly removed from Stelara in 2016 when I was diagnoised with thyroid cancer. After I had the thyroidectomy I developed Psoriatic Arthritis Flare its believed to have been brought on by Endocrinologist abruptly stopping my Stelara injections (most doctors don't understand biologic medication). I started Cosentyx Sept 2018 and I have been 100% clear ever since self injecting is easy peasy 30 minutes on counter top and couple minutes under my arm pit (yup) no pain only mild bruising. I have to say for me Cosentyx has not been a miracle for my psoriatic arthritis flare that has been on going now for 2.5 yrs attacking my tendons and now knees. This disease stinks and has left me house bound alot...awful.  

Remember all magic comes with a price!"""
Kenalog-40,Rheumatoid Arthritis,10,"""I have had rheumatoid arthritis now for about 4 years, mainly in my neck and shoulders. I'm a school teacher and it would be excruciating to raise my arms to write on the board. I'm also a musician with allergies. A year ago last spring I decided to get an allergy shot to reduce my allergy symptoms before a performance and was astonished to experience that my rheumatoid arthritis pain literally left my body. I didn't attribute the regression to the Kenalog but while talking to my doctor she made the relationship.  The Kenalog shot for allergies was suppose to be good for a year. A year later my arthritis started to seep back into my neck and shoulders.  I went back to the same allergy doctor and got exactly the same shot and my rheumatoid arthritis symptoms left again. My life has changed tremendously."""
Adderall,ADHD,10,"""Great"""
Trazodone,Sedation,1,"""I was prescribed this as an alternative to Ambien when my new doctor refused to prescribe me what I was used to. After a single dose, BAM! Triggered the worst migraine of my life and even worse, priapism. I didn't even know that was possible but I guess it's one of those more rare side effects. USE WITH CAUTION."""
Victoza,"Diabetes, Type 2",9,"""Hi am on Victoza now for 2 months. Was on it before for a month. Had some side effects in the beginning but now its fine. My blood sugar levels are under control as well as my high blood pressure. Do experience some constipation. Very good drug. Pray my medical aid will consider it for chronic meds."""
Budesonide and formoterol,COPD,10,"Symbicort (budesonide / formoterol)""Works great for me  , more energy and I feel good"""
Mounjaro,"Diabetes, Type 2",10,"""Initial dose started 1/14/2024. No side effects at present time."""
Propranolol,Performance AnxietyOff-label,10,"""I was asked a few months ago to give a best man speech in front of 800 people at my best friends wedding. I was super stressed for the months leading up to the event and went to my doctor to ask for a prescription.  He prescribed 1-4 20gm pills 1-2 hours before speaking. The wedding was last night and due to the chaos I didn't know when my speech would be. I ended up taking one 20mg pill about 4 hours before my speech, a second 20mg pill about 2.5 hours before my speech and chewing half a pill about 20 min before my speech. I am amazed at how effective this medicine is, I was calm through the entire speech with no racing heart or trembling voice.  My only recommendation is to take it with food otherwise it may cause upset stomach."""
Phentermine,Weight Loss (Obesity/Overweight),10,"""I started phen about 6 months ago. Weight was 209. I'm 4'11, so ya. Very fat for my height. The doctor was worried an put me on it for 3 months. I lost 10+ pounds the first 2 months. With low carb, low cal. An only 40 carbs max a day.  An walking 45 minutes every day. I only ate 2 eggs for breakfast. An 1/2 cup of coffee. Atkins for lunch. Lots of plain tea and water. An lean meat an veggies for dinner.  Last of the 3 months I hardly lost any weight. So I went off it for 3 months. Gained 3 lbs back even though I kept food diary. An kept working out. Now I'm on it again for round 2. My goal weight is 130. My doctor said it is a process.  I can't seem to get under 170. No matter what I do. An my current weight fluctuates between 170 an 173."""
Prednisolone,Inflammatory Conditions,1,"""ENT prescribed me 1 x 25mg daily for 10 days to treat tinnitus, in case it was caused by a blocked Eustachian tube.  I had a very bad reaction to steroid.  I suffered from severe insomnia, depression and anxiety.  Psychologically, it caused me a lot of pain.  I started tapering off the Prednisolone after 7 days.  My ENT advised to just stop and not taper which concerned me as I was told to definitely taper so I tapered on my own by going down from 25mg -> 12.5mg -> 6.25mg.  I still suffered from the same psychological issues for 10 days afterwards.  Eventually my GP prescribed me Valium.  After taking 1 x 10mg valium, I found I returned to a normal psychological state (no anxiety, no depression and sleeping fine).  Tinnitus was not helped."""
Olanzapine,Schizoaffective DisorderOff-label,8,"""Works well to dampen ruminations and come to a realization that I am more than just my thoughts. I feel like I have more conscious control over my brain in the day and 10mg is a great sleeping pill to brag about (others like dramamine have tolerance dependencies). Quite interesting dreams in general. I have gained and lost weight both, keto with a 12-1500 calorie target worked well at one point in conjunction with the metabolic pathways that olanzapine invokes, but still trying to lose weight on a vegan diet (Splendid Spoon baseline), mostly due to occasional extra binging. No hospitalizations since beginning, and only one instance of dizziness. I have concerns about longterm metabolic syndrome and dependency as a thienobenzodiazepine but no harm I know of so far in the past 5 years."""
Yasmin,Birth Control,1,"""I am 30, UK size 12/14 and have PCOS. To control my hormone imbalance, extreme bloating and period pain, which at times would make me faint, I've been prescribed Yasmin. I took it for over 3 months and for sometime it was a relief because I could live a life of a normal person. The bloating was less, my hair wouldn't fall out as much but most importantly the painkillers I took to control the period pain would actually work. HOWEVER, what happened later was a lot more scarier!!! I had 3 hemiplegic migraine attacks with stroke like symptoms!!! The last one caused face numbness, followed by mind confusion and body being paralysed for 3 hours. In hospital they’ve told me that what I had wasn’t a stroke but a severe form of hemiplegic migraine (the headache kicks in later), caused by Yasmin!!! I've stopped taking Yasmin and I’ve never had an attack since. So think twice!!! Dealing with a problem by taking Yasmin, might open doors to new problems!!!"""
Lyrica,Neuropathic Pain,1,"""I get horrible pain in my neck due to a pinched nerve and Lyrica really helped the pain. However, I didn't realize what it was doing to me. Brain fog like never before, I lost all interest in everything. I had a very demanding job that was affected and I ended up losing the best job I ever had."""
Yaz,Acne,1,"""I’ve been using Yaz for almost 3 weeks now and it makes my acne worse every day; it gives me cystic acne on my cheeks and forehead, which is extremely painful!!! I’m also having an extreme mood swings!!! I can’t even sleep at night and just cry!!!!! 
I would not recommend this birth control!!!!"""
Latanoprost,"Glaucoma, Open Angle",2,"""I am 70, live alone, and I hate having to open the eye drop bottles. I have to use vice grips and it is still nearly impossible. Further to that the plastic bottle is so firm it is difficult to squeeze the drop into my eye. Please change the packaging! The drops are effective but not if I can’t use them."""
Naratriptan,Migraine,8,"Amerge (naratriptan)""Overall I found this medication relieved 80% of my migraines with just one dose, however it was expensive, it made me very drowsy and gave me nasal/sinus congestion. Still, worth every penny and side effect when suffering from a migraine. Thank God, I no longer need to take it, because my migraines have been cured completely by taking the natural antioxidant “CoEnzyme Q10” 60 mg twice a day and “Magnesium Citrate” 150mg twice a day. I take them at the same time, once at breakfast and once at supper time. It has given me my life back and I no longer have to ride the migraine roller coaster! I felt a duty to share my experience in finding a long term/healthful option that is preventing migraines and also preventing the chronic nagging tension headache that was just part of my normal everyday life. I hope others will benefit as I have and I trust you will be well!"""
Phentermine,Weight Loss (Obesity/Overweight),9,"""Been on this medication phentermine for a week. I was scared of it because of some of the reviews but as of now, no negative side effects. I do get extremely hot and thirsty but that's not bad. I haven't had extreme increase in energy like some report. I set an alarm for 6am daily to take my pill and doze back off until it's time to get up. I think this helps me not have any problems sleeping at night . Being on it for a week, and not exercising, I have lost 5 pounds. I know it's water weight but I struggled SO much getting away from 210! I'm so happy to see these numbers dropping."""
Zaleplon,Insomnia,8,"Sonata (zaleplon)""Falling asleep can be a bit of a challenge when my back and legs are cramping. Feels like a broom stick is constantly pushing hard on lower left side of back. This pill said take immediately before bed. It takes about 70 minutes for me to shut down after taking it. Other pills give aching shoulder and joints this one does not and no grogginess either. I can sleep through at least 6 hours after use and I appreciate the development of one medicine that works for me as I have tried many and they do not work well or have negative side effects."""
Nexplanon,Birth Control,9,"""There seems to be a lot more negative reviews on this than positive, but I can't recommend the Nexplanon enough! I was recommended this as I get extremely nauseous with most birth control pills, and haven't experienced any since getting it.  I got the implant in Oct 2014, and have had only one period since. I have gotten occasional spotting, but it's been extremely minimal (literally like a spot), and it's only been a total of three days out of nine months. I've actually lost weight and my skin has cleared up as well. I do have a suspicion that this has made me more susceptible to headaches, but they are very infrequent and manageable. I didn't think birth control would ever be this hassle free and effective!"""
Slynd,Birth Control,2,"""I am getting off of this Slynd pill.  I cannot take any pills with estrogen, and most progesterone-only pills are too weak for me, so my doctor and I thought this one would be a good fit.  I had light bleeding for the first three weeks, but it wasn't too bad.  A few weeks in to taking it I started to have a lot of emotional/mental health issues.  I'd cry at the drop of a hat, get angry very easily, and then it turned in to significant anxiety and depression.  I also wanted to eat constantly.  I do struggle with anxiety normally, but usually not to this extent.  I am not myself on this pill.  I've had difficulty getting out of bed, thinking rational thoughts, etc.  I am sure it can work well for others, but maybe not for people who already struggle with anxiety."""
Zoloft,Depression,10,"""Zoloft is amazing. I was put on Lexapro when I was about 18, gained about 20 lbs and felt like a numb zombie for about a year. Tried Celexa for about a year- a little better, but I was still getting very depressed. Then I tried Zoloft (50mg for a month and 100mg since). I've been on it for about 2 years. Depression and anxiety is minimal. I rarely have to use my Xanax. The only side effect I've had is dry mouth but it's minimal at worst. My appetite and sleep patterns are normal. As with the others I've tried, my sex drive is very low and I had moderate headaches for the first couple of weeks, so I won't pick on Zoloft for that.  Overall, extremely satisfied, I can't imagine my life without it."""
Hydroxyzine Pamoate,Pain,7,"""I had an ankle arthoscopy procedure that didn't go well. Six weeks after the procedure I have sciatic pain from my butt to my toes. Pain wakes me up at night and I have to get up and take NSAIDS and gabapentin to help relieve the pain. My metal health doctor put me on hydroxyzine for depression. It really does nothing for depression but I noticed it does help for pain. It is crazy to me that an antihistamine works for pain but it does."""
Quetiapine,Generalized Anxiety DisorderOff-label,4,"""I was prescribed quetiapine to help with anxiety. Instant release ones were ok, it was like the volume in my head had been turned down, it was really good to feel absolutely nothing for a change.
Eventually I started taking the extended release ones and I had to stop as they gave me extremely stiff legs- so bad I could barely walk. 
During the time I took them - about a month I noticed I worsening anxiety and irrational thoughts, though I'm not sure if this was due to quetiapine. 
No improvement on mood. 
Legs got back to normal 2 days after stopping the tablets."""
Prozac,Major Depressive Disorder,5,"""I've been on this fluoxetine for 5 months,I don't think it did a lot for my depression but it definitely gave me more energy and improved my concentration. I am taking 40mg fluoxetine along with 150mg Efexor."""
Augmentin,Upper Respiratory Tract Infection,10,"""I have really bad anxiety about eating things in general, I have always struggled with this. However, when I started taking Augmentin, not only did it greatly improve my infection, it made me really relaxed, so much that I was finally able to eat whatever I liked without worrying about it. I ended up eating normally like I should and everything was perfect. Unfortunately, I had to stop taking it at some point and my anxiety came back a bit worse than it was before. I've been seeing really bad reviews for it, but I've only ever had great experiences. :)"""
Benzonatate,Cough,1,"""Worthless drug. Better to take OTC cough syrup."""
Cipro,Sinusitis,9,"""After having amoxicillin and co amoxiclav that did not touch the chronic sinus issues I have, I was given cipro. Due to the fact I am immune to antibiotics and usually I'm into week  and my symptoms are getting worse cause none of the antibiotics I have been given by a gp have worked. Cipro is the only 1 I find helpful,  250mg I was given this time because I've had many other antibiotics that have not worked at all. Also I taken it for an ear infection when nothing else has worked. I find it good it can take sometimes over 5 days to work but I am usually given 10 days worth.  Its a hard antibiotic to get because no one likes giving it to you but cause I'm a complicated case I have been given it. I would say try it because every antibiotic has side effects After all its just what they do. I get diarrrhea that is it nothing that is intolerable to a bad extent."""
Gabapentin,Neuropathic PainOff-label,10,"""Nerve damage to my back occurred as a result of car accident. Nerve misfiring occurred. Electrical stabs of pain of varying degrees occurred randomly throughout my body. When falling asleep, electrical activity picked up such that I had to restrain my arms and legs and head. It took 3500mg/day to suppress the pain. No side effects. I sold my car and walked for years as my body gradually healed and the dosage required dropped eventually to zero. A second type of nerve pain coexisted that Neurontin did not touch, a burning pain that occurred all over my body. By chance (thx Docs) I discovered that Valium works very well in suppressing this type of nerve pain. Also might try a combo of Neurontin and med marijuana and walking."""
secukinumab,Ankylosing Spondylitis,1,"Cosentyx (secukinumab)""Cosentyx did not works at all, and as it has been one of the most expensive biological out there - you think is going to work."""
Misoprostol,AbortionOff-label,10,"""I took my first pill at 6:08pm got nothing by the next day at the same time, it was time to take the 4 pills in my cheek. I teared up since I read all of these horror stories.  After 30 mins I swollowed them. I laid in bed with a pad on. After 3 hours I fell asleep. I woke up an hour later in a pool of blood. I then spent most of my night on the toilet since the bleeding was so heavy.  At 3am I thought it was done so again put a pad and went to bed exhausted.  4am woke up in blood again then sat on the toilet again and got clots this time.  All the bleeding did not lighten until about 6am so it was a long process but at no point was there any really painful cramps just your regular period cramping. My breast are still tender but my nausea is gone. This is the following day and bleeding very light or even just spotting most of the day. Overall it is an annoyingly long process but it worked. I was told not to look in the toilet before flushing"""
Lexapro,Anxiety,2,"""Was put on 10mg Lexapro for general anxiety.  I was on it for 5 days and just had to stop. Horrible anxiety, feelings of depression I have never had before, absolutely no appetite, migraine, bad dreams, falling asleep at work while getting more than enough sleep at night, forgetful in my everyday tasks, overall hazy and strange feeling.  Will go back to Ativan and will never take an SSRI for my anxiety again-not worth it."""
Methotrexate,Rheumatoid Arthritis,8,"""Been taking mtx, folic and Plaquinel for 1.5 yrs. My biggest side effect is lack of appetite. Not sure if it is the MTX or plaquinel causing this but as a result I feel I have no energy or muscle mass left. I wonder whether it is better to take the drugs or let the RA runs it's course. History of cancer in the family but not seeing any reference to that side effect here"""
Azithromycin,Sinusitis,8,"""On my 2nd package of 5 day Z pack, it is working but slow to act.  This is a bad infection, it had been on and off for past 6 months.  I will need another refill today or my Dr. may try another option.  I can not take any cyllin drugs.  This sinusitis is a chronic problem.  I was experiencing this problem almost yearly every fall/winter then stopped for past 5 years.  Now it is  back with vengeance..."""
Wellbutrin XL,Depression,7,"""I'm 18 and have been having a lot of depression from having a surgery and finding out that I will have a hard time having kids. I'm currently on the 3 week of Wellbutrin and I'm feeling a lot better. The first week was horrible, insomnia, irritable. Week 2 was very tired but less depressed. Now I feel a lot better about life and about other things. I'm still quite shaky but it's not too noticeable unless I'm holding something. I'd say it's nice, helps."""
Doxycycline Hyclate,Acne,6,"Doryx (doxycycline)""I took Doryx for 2 months and it worked. I stopped taking it and it started coming back in 2 months. Now I paid $270 to buy it again as my insurance would not cover it."""
Metoclopramide,GERD,1,"Reglan (metoclopramide)""I went to the ER with extreme nausea and pain from an ovarian cyst I had. I was given Reglan through an IV before I went home. The nurse told me before he gave it to me that a side effect was having really bad anxiety. Minutes after being given the Reglan I started shaking uncontrollably and broke out in hives all over my body. I had a total freak out moment and have never been that scared in my entire life. DO NOT TAKE REGLAN!!"""
Nexplanon,Birth Control,10,"""I've had this implant since July 2015... I haven't had a period since .. I was on depo for 7 years on and off when I wanted to conceive my 2 year old... I don't like periods anyways... It may have helped clear acne... I may have mood swings but I definitely give this substance a 10"""
Effexor,Depression,7,"""I was on Effexor XR for about 4 years (started at age 18, weaned off at 22). Over the years, my dosage fluctuated between 37.5 and 300 mgs. 
It helped immensely throughout the first year. I was still feeling lethargic and such, but no longer had suicidal thoughts. 
The only side effects I had were ones that appeared when I'd miss a dose. Night sweats, weird dreams, headaches. Annoying, but basically harmless.
After three years of being on this medicine, I realized it was no longer doing things for me that I couldn't do myself. I was supposed to be taking 37.5 mgs daily, but weaned myself off of it over a course of several months (check with your doctor first). I had little to no withdrawal symptoms and no major signs of a returning depression."""
Robaxin,Muscle Spasm,1,"""I took this for several days. Took at 8 pm, 6 am still wide awake and still in pain. So not only was I in horrible pain, I was trying to function with no sleep. Got a different med that worked. New Dr (military), prescribed it again. I told her it didn't work. But had to prove it. Took it again. Same thing. It kept me up all night and didn't help the pain."""
Alprazolam,Anxiety,10,"Xanax (alprazolam)""It works great, and you get tired enough to go to sleep if you need that, but it's best used for short term, as it's very prone to give nasty withdrawals, like psychotic ones, but great benzo compared to Valium. I like this one more, as it just screws a cork in the anxiety, and you can forget about it after 12 hours. The drug is gone fast out as well. Good job!"""
Isosorbide Mononitrate,Angina,2,"""I've been on it 8 days.  The dosage is 30 mg.  I'm having stiff neck.  The most terrible headache.  It is for Angina.  It is helping the chest pain.  They say after a few weeks headaches will subside.  I sure hope so."""
Nitrofurantoin,Bladder Infection,7,"Macrobid (nitrofurantoin)""Macrobid definitely works. I had a terrible bladder infection that I noticed began to clear up within a few days of taking this antibiotic. In my personal experience though, I had terrible side effects. Nausea, dizziness, vomiting, diarrhea, and hot + cold sweats. Although the week felt so hard to get through, please don’t be scared to try the medication. If you’re worried about side effects, make sure you are staying very hydrated and taking it with food. I would recommend having some gravol ready as well just in case. Good luck."""
Levonorgestrel,Emergency Contraception,5,"Plan B One-Step (levonorgestrel)""Hi I was want to share my experience with you ladies. I don't pretend to scare anybody but here's my experience with my Plan B ,I had unprotected sex with my bf back in July. The next day first thing in the morning I took plan B. Two weeks later I found out I was pregnant. It's very rarely to get pregnant after plan B but it does happens. Good luck to you guys."""
Upadacitinib,Rheumatoid Arthritis,6,"Rinvoq (upadacitinib)""I have tried many meds for RA. Was very successful with Xeljanz but had continual sinusitis. Now Rinvoq is not as successful for pain/RA but I get less sinusitis. Also developed very oily skin and acne about my neck face and shoulders. I am 58 and on HRT as well and MRX 10 mg"""
Divalproex sodium,Bipolar Disorder,7,"""Diagnosis of bipolar type 1, with type 2 tendencies.  Been on divalproex 375mg, imipramine 75mg for approximately 6-7months, I have felt the most “normal”, I think in 20+ yrs.  I can now say I remember more things than I forget. The past 4-5 yrs, I would be in mid sentence & forget what I was talking about 
( or a reaction to a medication) activities of daily living are not such a chore, more zest for life. Perfectionist tendencies not as severe, I now have grandchildren, so I have to let go, I regularly care for them too.
The BAD:  I have gained abt 35 lbs in 3-4 months and bad dreams, trashing about in bed.   Any more  weight gain I will have to switch & that is scary.  Scary to gain more weight and scary to start over.  Have had very bad - life threatening reactions to so many mood stabilizers/antidepressants this past 5 Years."""
Levonorgestrel,Birth Control,6,"Liletta (levonorgestrel)""I am 21 years old, First time on birth control although I had looked into options before but decided I wanted to have a baby. I had a miscarriage a month ago now I don't want to have a baby so close after so I needed a B.C. method I wasn't going to forget (pills) or have to go in regularly for (depo) so this seems like a good fit. Insertion was painful but it only lasted about 2/3 minutes and felt like sharp pinching/poking. I feel some cramps (not too bad) and some spotting. I read other women went when they were on their period I still hadn't had my period again but when I do it's moderate lasts about 4 days. I get more cramping then bleeding. I will update with how it affects my period or if cramps continue because this is just day 1"""
Olanzapine,Depression,1,"""Ruins bladder of the  patient"""
Escitalopram,Obsessive Compulsive DisorderOff-label,10,"""Short Answer: From my experience, the escitalopram does work. I currently intake a 10mg sized escitlopram, and it does its job continuously as I take it every morning when I wake up.

Long Answer: I've experienced with both a 5mg size and 10mg size of a escitalopram. I haven't used the 5mg size as prominent as I have with the 10mg size to give my full thoughts on that size, but I can tell you that the 10mg size does work. I take it every morning as soon as I wake up, swallowing it with my saliva or if it doesn't go down all the way, I'd make it go all the way down my throat with a bit of water (never a lot). I didn't notice at first, but after awhile, I realized I haven't been much anxious or fearful as I used to, and that my head had been less busier. After noticing, I could then say that the escitalopram was working, and treats my OCD. It's been so long since I've experienced symptoms of my OCD that I forgot a bit of how it tortured me."""
Finasteride,Androgenetic Alopecia,6,"Propecia (finasteride)""I moved to the Philippines about a year ago, and 6 months ago found out the pharmacies sell it over the counter so I bought every box they had. For me I've had no side effects in the 6 months I've been using. Right now I can't tell if it's regrowing hair, but I can say with a 100% certainty that it's all but stopped massive amounts of hair loss everyday. For that reason alone I give it high marks. I'll give propecia a perfect score once I start seeing hair gain. I recommend."""
Alprazolam,Panic Disorder,10,"Xanax (alprazolam)""Ok.... I started using ecstasy or mdma in 1998 at 13 years old. Even before I smoked weed.  I graduated to weed,  GHB ,shrooms, Valium, Xanax, klonopin, LSD , ketamine, DMT, 2cb, nitrous. Heroin every other opiate too. But I had a close friend die at 30 years old, which made me stop, using opiates, which eventually got me on Xanax and adderall, and that’s it.  I have worked in IT for the last 8 years, and Xanax saved my life"""
Buprenorphine/naloxone,Opioid Use Disorder,10,"Suboxone (buprenorphine / naloxone)""I used it to detox off of oxycodone and Oxycontin on the highest possible dose."""
Lamotrigine,Bipolar Disorder,9,"Lamictal (lamotrigine)""I have been taking Lamictal for almost two months. It has worked great for my Bipolar Disorder. It at first gave me severe stomach pains with diarrhea that subsided after a week or so. I noticed I'm more sensitive to foods now. Like for example I cannot eat tomato products anymore (I used to be allergic when I was younger). And also greasy foods make me very sick (which may be due to my gallbladder removal). But over all good results from this drug!"""
Ceftriaxone,Bone infection,1,"Rocephin (ceftriaxone)""I got this drug two weeks ago because of a persistent jaw bone issue.  The doctor wanted to see if it would improve its outcome.  I cannot tolerate oral antibiotics at this point.  The shot given into my hip was immediately painful down the leg and into the back.  She said it would be painful.  That night it was still very painful and I began getting random nerve pain all over my body, my throat became painful and blisters on the back of my throat.  It was the weekend so didn't call in.  When I did they said they would put it down as an allergic reaction to the shot.   It has taken two weeks for my throat to calm down, the nerve pain throughout the body is much less but still is occurring. There are still blisters on the back of my throat and I feel awful still.  Would never get this drug again for any reason.  This was given as a shot 1000 mg into my hip. I am 70 years old."""
Wellbutrin XL,Major Depressive Disorder,9,"""I was started on 100 mg of Wellbutrin in January, initially did not note much of a mood alteration other then feeling more energetic. I was upped to 200 mg, and I had never felt better in my entire life. I started performing great in school, had a high energy level and motivation. I was happy and felt good. I lost initially 5 pounds and now I lost a total of 20 in three months (note I also was attempting to lose weight). The only side effects I experienced were hot flashes the first week I took 200 mg which was odd but manageable. Also I had insanely vivid dreams. Recently upped to 300 mg, and I feel manic. It is bizarre, this amazing medicine now does not work, my doc said I may possibly have bipolar depression, So I still highly recommend."""
Empagliflozin,"Diabetes, Type 2",7,"Jardiance (empagliflozin)""I am in my50’s 
I Lost 5 pounds 
I take 10 mg Jardiance 
 I take Metformin  as well 
 I prefer this to Tradjenta 
As Tradjenta gave me a constant runny nose that was gross
 Yes I have to get up maybe three times a night to go the bathroom 
 I am thirsty but not as thirsty as I am when my sugar is high 
 I take it at night so I am not as dizzy during the day  
So far so good"""
Anastrozole,Breast Cancer,3,"Arimidex (anastrozole)""Within a month of taking Arimidex. I had so much joints pain, I mention to my oncologist and he said it was arthritis, I said ""No way"" arthritis does not show up in one month"" I stopped taking it after 1 1/2 years. I could not endure the pain."""
Requip,Restless Legs Syndrome,9,"""I take 0.75 mg at 6.00pm. This totally relieves restless legs syndrome for me. Side effects are mild but include profound sleepiness and mildly heightened libido (true!) which are somewhat self-defeating. Because Requip is a dopamine agonist it works alongside iron as a co-factor. Therefore, I need to minimise iron-depleting lifestyle factors as well as taking Requip. That means that I can only have de-caffeineated coffee and that I can't drink alcohol. """
Temazepam,Insomnia,10,"Restoril (temazepam)""If you want to be knocked out for sleep in 20 to 30 minutes
This is for you"""
Aleve,Back Pain,10,"""Aleve is great for back pain.I take one pill in the morning. And one at night before bed time.no pain at all.That's what my M.D. told me to take.thanks Aleve .great job"""
Lofexidine,Opiate Withdrawal,10,"Lucemyra (lofexidine)""I am almost to the last two tapering days and I'm already feeling almost completely healthy and normal. I thought I'd need the maximum 14 day treatment but it looks like the 9 day treatment will be plenty sufficient. I was on fentanyl for months before I went to a methadone clinic to get help and I went there for just over a year and was up to 170mg a day. I was so worried and afraid that I'd end up withdrawing for the maximum of 20 to 35 days because of the research I looked up about the methadone withdrawal time-line stating that the withdrawal can go on for 14 days to just over a month depending on how high your daily dose is and how long you've been taking it. I'm 34 and still in decent health so this medication seemed safe for me but if you have heart or health problems then I would absolutely talk to a knowledgeable doctor if possible before starting this medication just to be cautious.As far as side effects I barely even got dry mouth or lightheaded when standing. It REALLY help"""
Guanfacine,ADHD,10,"""She started at 1mg and we saw very little different and her behavior was out of control for the most part. She started on 2mg this morning and in the morning I saw a big difference playing with her toys calm like a regular kid instead of running and jumping. She seems a little drowsy though... Will that pass? I would hate for her to be drowsy all the time."""
Seroquel,Bipolar Disorder,1,"""Hmm about this medication...I literally do not reccomend it at all! As someone with Bipolar2 I was put on Seroquel for my rapid unstable moods, I was on it for quite some time and I noticed the rapid weight gain not just that but I was literally sleeping all the time! When I was awake I felt like a zombie. Quite frankly it's a nightmare! Thank god I went off it."""
Estradiol,Postmenopausal Symptoms,1,"Estraderm (estradiol)""Terrible. Used other brands for years and never had one issue. Days after starting on Estraderm MX50, I started experiencing symptoms as the patch would not stay in place! No matter where I put it, it comes off within 24 hours. The few hours that it's on, it feels like a candy wrapper stuck to your body! Can't believe that this product is on the market!"""
Ondansetron,"Nausea/Vomiting, Chemotherapy Induced",9,"Zofran (ondansetron)""Overall, it has been the best anti-emetic available for chemotherapy induced nausea and vomiting. The downfall is gastric slowdown-- which can become more pronounced if on vinca alkaloid chemo or opioids."""
Paroxetine,Anxiety,10,"Paxil (paroxetine)""I started taking Paxil about 7 or 8 years ago for anxiety.  I had been in the hospital for an arrythmia at age 24 and it totally freaked me out.  After that, every illness I had I was sure it was my heart and I started to panic and check my pulse frequently. I ended up in the ER about twice a month thinking I was dying. My PCP finally suggested Paxil.  Since then I have had ZERO panic/anxiety attacks.  I have had problems occasionally with ejaculatory dysfunction, but not often enough for me to be that upset.  Besides, the trade-off is feeling better and living normally. It has been great for me and I hope you have a similar experience."""
Trazodone,HeadacheOff-label,10,"""Trazodone has been a miracle for me. It has helped my headaches, which I was having daily. It also has caused me to lose some weight, which makes me feel better. It has also helped with my anxiety. Only problem I have had so far, is that if I take it too late at night, I will feel groggy in the morning. I am on 100mgs."""
Lansoprazole,GERD,10,"Prevacid (lansoprazole)""I have had GERD for many years and have tried everything. Prevacid works the best. I take 30 mgs a day. """
Divalproex sodium,Bipolar Disorder,8,"Depakote ER (divalproex sodium)""I have had three severe manic episodes in my lifetime.  First was not diagnosed.  The 2nd severe mania hit in 02 and I was given zyprexa.  This took the edge off but I would wake up in the early morning manic again, once it wore off.  When depakote was added, I really came down.  I was Manic-episode free 15 yrs, w/ relapse in ‘17.  I was put on zyprexa and lithium but was still flying high and fast - complete manic.  Once high dose of depakote added, I came down for good.  This drug has been critical for resolving my manias.  My experience with it for long term treatment has not been good though - lost a lot of hair, and a lot of enthusiasm and felt like I was in a stupor.  I gained weight, but that has happened on all the useful drugs."""
Qbrexza,Hyperhidrosis,1,"""This medicine was the best until it turned on me.  I started having a blurry vision for about 2 weeks, to the point I was seeing double and I couldn't work or do anything normal.  This all started in August 2022 and today March 2023, I'm still having to go to the eye doctor.  I've been there and spent a lot of money to figure out what's happening with my eyes.  This drug made me develop some sort of ""bump"" in the back of my eye and I ended up having to have a brain MRI.  Luckily that came back clear for tumors/cancer but it still hasn't been a pleasant experience.  I haven't been able to wear contacts like I have my whole life until March 2023 since my eyes are still slowly coming back to normal.  My scans at the eye doctor are getting better so things are looking good and shouldn't have any more set back but this drug totally destroyed my eyes for a while before we figured out what was going on.  I DO NOT recommend these wipes to anyone."""
Restoril,Insomnia,10,"""Best I've had for insomnia."""
Qsymia,Weight Loss (Obesity/Overweight),10,"""I started this medication a month ago. The first few days the side effects were pretty bad so I stayed in bed. It was mostly nausea, dizziness, extreme fatigue & then insomnia...after a few days almost all of those subsided except for the fatigue and insomnia. Now its been about a month and I mostly just suffer from some brain fog and some fatigue, not nearly as bad,  but my appetite is basically gone. I really dont even enjoy food that much anymore & sometimes skip a meal or have to force myself to eat where as before I couldn't stop eating, i have a horrible food addiction.so this has really helped. I lost about 20 lbs my first month. Very happy with this medication and I feel it has saved my life as I am pre diabetic"""
Hydroxyzine Pamoate,Pain,9,"Vistaril (hydroxyzine)""Great pain medication, much better than oxycodone without the side effects."""
Famotidine,GERD,10,"""famotidine is awesome! I would highly recommend it. I have been using it for more than a year and recently I stopped it for 2 weeks and felt awful but not any worse than when I wasn't taking it several years ago.  After restarting it I immediately felt better. It helps my GERD, heartburn, and I can breathe better (probably due to it being an H2 antihistamine) and it helps my anxiety. Overall, I would highly recommend it."""
Buprenorphine/naloxone,Opioid Use Disorder,5,"Suboxone (buprenorphine / naloxone)""I just started to go into withdraw from not using herion for close to 20 hrs and a friend of mine kicked a week ago with the help of Suboxone. He gave me 2 8mg pills instructed me to take 1/2 under tongue and if need be take 2mg more if needed tonight, it's 3 in the afternoon right now. He said it worked wonders for him and will give me more to  ween off of it day 3 And day 4. My question is does this really work to help suppress WD symptoms I'm scared and wanna no what to expect. It's def time for a life change and will do anything to get this monkey off my back. Please give me some advise and any answers and words of strength would be greatly appreciated 
Thank you in advance
Little drummer boy."""
Nexplanon,Birth Control,4,"""I got the Nexplanon in January of this year (2015). I have been bleeding ever since-8 months later. I've also been experiencing some pretty bad acne, which I never had a problem with previously.  Exhausted all of the time. Needless to say it's been a terrible experience."""
Dicyclomine,Irritable Bowel Syndrome,1,"""I've been on this a month and it's been horrible. I have IBS that goes in waves, sometimes I'm fine sometimes my bowels are very unpredictable. This has given me the worst stomach pain I can imagine every day since I began. I have no appetite and I also rarely have bowel movements anymore, but 24/7 I feel like I will have diarrhea.... but I never do. It's miserable, I can barely go anywhere due to the stabbing pain."""
Fluticasone and salmeterol,"Asthma, Maintenance",1,"Wixela Inhub (fluticasone / salmeterol)""VA put me on the Wixela Inhub and just like many other peoples reports it does not work well.  Part of the problem may be that you have to inhale hard likely causing a Venturi Effect  in which the powder flows through an open to constricted pipe, in this case, my lungs.  Please remove this product. It is not effective.  I used Symbicort for many years with no problems.  Now I am taking 5 - 10mg of Prednisone which I don't like.  I typically lead an active life to the degree that I can and using the Wixela Hub has hindered my well being."""
Neupro,Parkinson's Disease,1,"""Severe reaction, but I am allergic to sulfur based drugs. Lasted under a week. Shakes gone first few days, but came back as I developed a reaction."""
Metronidazole,Bacterial Vaginosis,6,"""I just finished my last dose. Yippee! I took Metronidazole 500mg (2 pills) twice a day for 7 days. It is the most disgusting pill I've ever tasted. I'm happy that I read the ratings before I continued my doses. I coated the pills with honey and it was a much better experience. I had side effects for 3-4 days: constant stomach ache, weakness, nausea, and constant metallic taste in mouth. It is quite effective. I stopped having symptoms by the third day. I hope to never have to take this pill again."""
Eszopiclone,Insomnia,9,"""For 29 years I have had spells of being unable to fall asleep.  Then my pain specialist wanted me to try Lunesta. It was wonderful for about 2.5 years.  Now I I am having problems again. Still, I am impressed."""
Ondansetron,Nausea/Vomiting,10,"Zofran (ondansetron)""I literally feel brand new! For a week I couldn’t eat or drink anything and zofran made me feel new. Which is amazing to me because my first pregnancy this didn’t work at all, that’s definitely an example of why it works different for different situations!  I recommend at least trying it to see if it’ll work."""
Azithromycin,Chlamydia Infection,10,"""First time getting an STI or anything of that nature after just starting to be sexually active. I had no symptoms. I'm in my early 20s. I was initially concerned because it was all very new to me. I went to get treatment, took one dose of four pills, my doctor advised me about the side effects and sent me along my way. Worst thing I did was Internet on the way home. Reading about the side effects with horrible cramping and diarrhea really scared me. 

Final verdict: It's been almost six hours after taking the antibiotics and I've experienced no discomfort whatsoever. I feel perfectly fine. There was lots of white, odorless discharge in my underwear but that imo is a small price to pay. Using condoms 4evr now."""
Rabeprazole,Barrett's Esophagus,9,"Aciphex (rabeprazole)""Works well, can manage most foods without any problems.  Note that this medicine does promote food moving through one's ""system"" more quickly so frequent bowel movements and loose stool may be an issue for some."""
Dextroamphetamine,Narcolepsy,8,"Dextrostat (dextroamphetamine)""This gave me the ability to match what I take with my activities at 20 mg X 3 times a day. Days when I don't work or drive I often don't take any. Otherwise, if I know I don't have a meeting or have to grade papers in the evening, I just take in the morning and at noon. (60 mg) This was much better for me than the time release variety which always kept me awake throughout the night."""
Femara,Breast Cancer,9,"""For the past two years I've used Femara with no side effects at all, and still cancer free for 5 years now."""
Adderall XR,ADHD,10,"""Adderall XR has been amazing for me. I was diagnosed with ADHD at age 5, and was on and off of stimulants since original diagnosis. As a kid I would go through bouts of taking it and bouts of pretending to take it. I tried to be unmedicated as an adult, but that only produced anxiety, likely due to my naturally occurring rapid thought processing and tendency to fail to complete projects (distracted by new thoughts). My quality of life is significantly better when I take Adderall and I see no shame to be had in that. I experience dry mouth fairly often, but overall it is amazing and totally worth it. I am however nervous about facing pregnancy without it, as well as breast feeding. This medicine really makes a difference in my life."""
Prolia,Osteoporosis,1,"""1st Prolia needle ok, 2nd needle within 2 weeks I got so much side effects of  joint pain, unbelievable arms legs, even tips of shoulders were sore to touch, I am tired and can’t do what I want to do, my appetite is not good and have lost weight.  I should have looked into Prolia side effects.  I would not wish this on anyone. My  thoughts and prayers go out to anybody who is on this  awful drug Prolia"""
Yaz 28,Birth Control,10,"Nikki (drospirenone / ethinyl estradiol)""I went on Nikki for bad PMS symptoms, acne, and birth control in general. My moods were very stable, my skin was clear, and ultimately I had a great experience on it. No PMS either! Only symptom was that my libido was somewhat lower, and I switched to lo loestrin for that for a few months, but I’m about to switch back because I liked this pill a lot better!"""
Fluticasone nasal,Allergic Rhinitis,10,"Flonase (fluticasone)""Never used a nasal spray but Flonase is a godsend! Didn't know I had allergies but so days made me feel so much better!!!"""
Divalproex,Epilepsy,1,"Depakote (divalproex sodium)""I'm epileptic I have been having seizures since my early teens I’m 52 now I was born with a tumor in my brain. The tumor has been removed but the damage of the scar tissue is causing me to have seizures. I have been taking Depakote 2000mg a day and I take with it Keppra 1000mg a day for 2 years and the side effects suck, I can’t sleep, I stutter, I’m always anxious and have tremors.  I have my ups and downs mood swings, I lost my hair, I’m easily angered or frustrated and nervous. I also have high blood pressure now and have to take high blood pressure meds. I smoke THC and CBD to help. I’m usually nauseous and I have digestive problems if you know what I mean. I still have seizures mainly blackouts I haven’t had a grandmal seizure for a bit. But I would like to know if anyone came down with high blood pressure when started taking the meds?"""
Zofran,Nausea/Vomiting,7,"""I have an extreme fear of nausea and vomiting. It’s so bad I get nauseated when someone coughs. I was given zofran and it was perfect for when my anxiety was making the fear harder to deal with. Then I got salmonella poisoning and it didn’t work whatsoever. I took three 4mg 20 minutes apart hoping it’d help and it didn’t. A few days after taking antibiotics for salmonella poisoning, I’m still a little nauseated (zofran doesn’t work) and can’t do much. Thinking about going and getting a higher dose."""
Levofloxacin,Bronchitis,3,"Levaquin (levofloxacin)""I was prescribed Levaquin for a URI and a UTI.  I have a previous history of c. difficile from last summer and my Infectious disease doctor advised me to be careful taking any antibiotics due to chance of c  difficile recurring.  On the 7th day of taking, I woke up with a semi-frozen right shoulder.  Iced it for 4 days with minimal improvement, went to see my PCP on the 5th day, he ordered a shoulder x-ray followed by an MRI.  It revealed a 50% tear of the tendon in my shoulder due to the Levaquin.  I am 65 and not a surgical candidate.  Will never take this drug again!  My sister-in-law warned me about this but I thought she was exaggerating!"""
Mounjaro,"Diabetes, Type 2",10,"""I started Mounjaro on 06/06/23 weighing 272 pounds. I am 64 1/2 years old and a Type 2 diabetic for the past 15 years on only metformin before Mounjaro. It has been life-altering, life-changing! I started on the 2.5 weekly dosage. I have been on the 5 weekly dosage for the second month now. I have lost a total of 33 pounds as of today, my HbA1c went from a 10.3"""
Bupropion,Smoking Cessation,10,"Zyban (bupropion)""I am 58 and smoked since I was 14. In the last 10 years smoked between 20-25 per day - roll me owns. I have tried Patches - Gum - hypnosis - I was very scared about giving up - then the Doctor gave me Zyban. I did a lot of reading on the Web and there is more scary stuff than good stuff - found this support group with so much positive things to say - I did it - it has been 5 days since my last smoke and it has been mentally wonderful. Still get the physical feeling - but they are getting better. I love this medicine.  """
Paroxetine,Obsessive Compulsive Disorder,10,"Paxil (paroxetine)""I have been taking Paxil for 5 years. Since I turned 50 and my blood pressure shot up to 210/102. Paxil was the biggest blessing. NO, I DID not gain any weight. Well I gained two pounds only because I ate my way through them."""
NuvaRing,Birth Control,3,"""I started Nuvaring about 5-6 months ago. It started out great because I LOVED not having to remember it every single day. I didn't notice the subtle changes, which makes me disappointed. Side note: my medicine is delivered and nuvaring had to be refrigerated. The postal carrier kept refusing to deliver it if no one was home and would never try to redeliver. The last time my postal carrier refused to deliver, I came off of it completely - and I'm SO glad I did. I thought that I'd been moody due to recent life changes and all. I had no sex drive, I was angry all the time, I was constantly depressed, and my anxiety was through the roof. After the initial ""ring free week"", everything started getting clearer and clearer every day. It was INSANE. The part that sucked was not being told by anyone that I was becoming more irritable every month. Definitely not birth control for me..."""
Levonorgestrel,Emergency Contraception,10,"""I didn't find one review to relate to my specific situation. I decided to have sex while my period was still on, it was on the days where your period is almost gone and you're just leaking  a bit. The condom broke. I panicked because I'm fairly new to having sex. My Bf bought take action, I took it about 6-7 hours after the incident. I was worried b/c my period wasn't off so I knew I would have to wait exactly a month to see if it worked which was nerve wrecking. After i took the pill I bled for about 3 days, weeks after I was very bloated, had increased white discharge , and very dark brown spotting. Yesterday i got my period, exactly a month after taking the pill. Cramps were bad and my period is lighter. RELAX it works it just takes time"""
Buprenorphine,Chronic Pain,9,"Butrans (buprenorphine)""Great improvement with the patch.  I have joint pain and deterioration of the spine and my mobility has come back to where I can now do household tasks, go out to events, dining and visiting friends.  Started with 5mcg and gradually increased to 15mcg.  The side effects have been rough to deal with.  First the itching skin and then blistering. Swollen ankles.  Night sweats. Some of this is worse than others.  But how can I get this level of relief with something else?  I will find out about Kenalog spray recommended by another writer here.  Swollen ankles, elevate and ice.  Night sweats, do not sleep on the patch.  I keep hoping my body will adjust to the adhesive and medication after time.  I will keep using Butrans."""
Clotrimazole,Oral Thrush,10,"""I was given Clotramizole tablets to treat thrush that developed from taken prednisone for aphthous ulcers. Cleared the thrush within 5 days. Prescription was 5 tablets a day for 14 days. My dentist states he has only prescribed this one other time, his usual go to is Nystatin (was not working for me). 0 side effects experienced. I personally recommend these tablets based off of my experience taking them."""
Mesalamine,"Ulcerative Colitis, Active",10,"Lialda (mesalamine)""I was diagnosed with ulcerative colitis a year ago after suffering for months. Lialda worked to stop my diarrhea practically overnight.  I have not had a flair or really any symptoms since starting this medication nearly a year ago.  I highly recommend it.  Much better than taking Asacol four times a day.  Once a day Lialda is much better."""
Emgality,Migraine Prevention,1,"""I took the loading dose of Emgality last December and I'm still fighting the HORRIBLE side effects of this drug. I have had the most MADDENING ITCHY rash and hives all over my back, arms and legs and my face! I'm talking about so itchy that I can hardly sit still without trying to literally tear off my skin. I've seen 5 doctors and I've had 4 rounds of steroids and I've had 2 rounds of antibiotics due to leg infections from scratching. I've also experienced severe leg swelling, abdominal bloating and constipation. I'm also so fatigued and have to sleep during the afternoon to get through the day. I can't wait until this drug is out of my system. I would rather have a migraine every day than deal with these side effects. RUN from Emgality and then RUN some more."""
Varenicline,Smoking Cessation,9,"Chantix (varenicline)""I have been a pack a day smoker for over 20 years. Previuosly I've quit successfully on the patch and Zyban. Recently, I had a dream that I was told I had lung cancer and it was so vivid I called my doctor and started taking Chantix. It's now week 5 and I'm smoke free and feel great. Only side affects are ocasional nausea and vivid dreams, ironic and no problem. You still have to be motivated to get past the cravings, but Chantix takes the Nicotine punch out of quitting so its bearable. """
Junel,Birth Control,9,"Microgestin Fe 1/20 (ethinyl estradiol / norethindrone)""I was on Loestrin 24 FE for years until they stopped making samples of it, and it was too expensive to buy. My doctor switched me to this pill. I lost 15-20 lbs, moods have been more stable and my sex drive has increased dramatically! The only con was i did break out really bad when I first switched, but now I'm on my 3rd pack and I'm getting my breakouts under control. I'm amazed at the weight I lost and didn't realize I gained it from my old birth control.. This is my new favourite!"""
Pristiq,Depression,7,"""I haven't been taking it long, actually just weening off one antidepressant onto Pristiq and am already feeling better. I've been fighting depression for years with all kinds of anti-depressants. This one gives me hope."""
Cymbalta,Chronic Pain,10,"""For nine years I had lower back pain due to a bulging disk. I also had aches/discomfort in the left hip that caused me to walk with a limp. My doctor prescribed Cymbalta for chronic pain and a few days later I noticed that the hip aches/discomfort and back pain were gone. I no longer walk with a limp! Very minor side effects."""
Junel,Birth Control,10,"Blisovi 24 Fe (ethinyl estradiol / norethindrone)""Love this medication, have had absolutely no bad side effects with it. Actually lost weight and have less acne. Minimal cramping, and very light periods. Just shows how it is different for everyone!"""
Oseltamivir,Influenza,3,"Tamiflu (oseltamivir)""High fever and body aches began on Monday.  Went to doc Tues morning and tested positive for Type A flu. Was prescribed Tamiflu and took first dose early Tues afternoon. My fever ceased by Weds morning, but the pain in my head began to increase dramatically. It's Thursday and I now have diarrhea and am extremely nauseas. I could not sleep last night at all. The pain in my head was unbearable. I decided to take one of my migraine pills to see if it worked as I could not take it anymore. It relieved it slightly. My mouth tastes horrible and I think it is what is making me even more nauseous. Doc sent med for my young girls for prevention since they were exposed to the virus as well. They have not had any side effects. I do not think I am going to take my doses today. I cannot continue with this nausea and headache."""
Oxycodone,Pain,1,"Xtampza ER (oxycodone)""Takes too long to work... no matter what you eat... Don't waste your time."""
Liletta,Birth Control,10,"""I got Lilletta in March (8 months ago) for just $30 at my local health dept. The insertion was very painful and I did have cramping for a few days afterward. My periods were pretty normal the first few months, and now I haven't even had a period for the past two months (which is great!) Besides the insertion pain, I am really liking Lilletta. It does its job. I have never had children, so I'm guessing that may be why the insertion pain was so bad. I will probably get it out before the 3 years are over, because I am newly married and wanting to get pregnant sometime next year."""
Annovera,Birth Control,3,"""I’ve been using this vaginal ring for 6 months and everything was fine AT FIRST. My gynecologist switched me to this one from nuvaring which I loved but got rid of my sex drive. At first I had no side effects besides slight nausea the first two days after I insert. After 4 months of use, the nausea persisted sometimes with a headache accommodating it and the most excruciating cramps of my life! Prior to using birth control, my periods have always been awesome. Light flow that lasted 3-4 days and minor to no cramping at all. Now after being on annovera, I always get my period 2 days after removal (a necessary plus so I can predict and prepare for it) but the cramps are so bad. Like I just want to lay in the fetal position and can't do anything. I can’t walk, I can’t even take a deep breath in. It’s the worse. I plan on discontinuing use because of the cramps. It works though. No pregnancy scares, sex drive remained the same, no depression. I’ve actually never felt calmer but the cramps are bad"""
Concerta,ADHD,10,"""Better than Ritalin. """
Paroxetine,Hot Flashes,10,"Brisdelle (paroxetine)""I have been taking Brisdelle for two weeks now, but had to stop taking it due to the unacceptable side effects.  It worked like a charm on my hot flashes, reducing them from at least 12-15 times in a 24 hour period (with night sweats) to only 1 per day.  However, I found it impossible to sleep, I could not keep my hands and feet still, I had congestion so bad that I thought I had a sinus infection and also suffered blurred vision.  I tried taking it in the morning instead of at night, but it made no difference to my insomnia.  I have, therefore, discontinued it altogether."""
Tamsulosin,Urinary Tract StonesOff-label,8,"Flomax (tamsulosin)""This was my third kidney stone. The first two (3mm) were very painful and I used pain killers, no flomax. The ER did a CAT scan and said this stone was 5 mm and located at the junction between the ureter and kidney, and was causing mild hydronephrosis. They gave me flomax and pain meds. I do not like to take medicine and since pain was bearable at that point, I just took the flomax not the pain meds. I was skeptical since the FDA has only approved Flomax in men with prostate issues but doctor explained it helps the ureter stretch. I took it in the evenings after dinner and had no noticeable side effects. Took about two weeks, but stone passed and I never took a singe pain pill - did drink tons of water, had a bit of cramping, that's all!"""
Prozac,Depression,9,"""I've taken prozac for 2 weeks now. So far I've experienced a big decrease in appetite, which has been okay. The two major things that this drug has changed for me is that it's made me calm and collected and it makes me worry/stress less. The thoughts and problems that usually fill in my head don't affect me as much anymore and I get over things much quicker, which has led to decreasing my stress and my severe anxiety. I've also felt very calm and mellow, which could turn some people off but for me it has been a blessing. I've always not been able to stay still or focus, and am very scatterbrained, so this is a huge change that I've welcomed. It has helped me actually get things done and focus, and has made me much more productive since I actually have the motivation to do things now. Thanks for reading, I wish all of you luck on Prozac! Will definitely continue taking this amazing drug and am excited to see how much more it can positively change my life in the future."""
Paroxetine,Obsessive Compulsive Disorder,10,"Paxil (paroxetine)""I took Paxil for about 10 yrs (no weight gain) and quit it recently with the help of my primary care doctor by weaning off of it for 6 months.  Unfortunately, 2 weeks after quitting, my symptoms of anxiety and depression have returned 2-fold!  I have not been formally diagnosed with anything yet, but do know that Paxil worked the BEST for me!  I want to go back on it, but it is Category D- so IF I ever want to have a baby I cannot be on it while pregnant!  
At the moment, I am trying Wellbutrin, after trying 3 weeks on Buspar to help me (that didn't help).  It's only been a week on Wellbutrin and I see some improvements, but nothing like the Paxil.  I may ask to go back to Paxil if switching medicines doesn't work. I felt like ""myself"" on Paxil!"""
Bisacodyl,Constipation,10,"""So far it's okay. Sometimes it works faster than others. I take three tabs for proper evacuation. The only thing I dislike about it is the smell of the fecal matter. It smells so bad."""
Cefdinir,Otitis Media,1,"""My 6 year old Daughter was given this medication for supposed wheezing in her lungs . 3rd dose she broke out all over her face & body! Itched horribly. Ended up taking her to an ER & doctor said to immediately stop this medication & had to give her a cortisone shot to reduce the rash :( I strongly advise to reconsider if given this medication and you have other options."""
Ozempic,"Diabetes, Type 2",10,"""I have not had any side effects, get full fasted."""
Phentermine,Weight Loss (Obesity/Overweight),7,"Adipex-P (phentermine)""Hello eveyone I am a 31 year old female 198 was my starting weight on October 27,2016, 6 days later I'm down 11 pounds! I gave up coca cola drinking lots of water and eating smaller portions!!"""
Oxycodone and acetaminophen,Chronic Pain,10,"Percocet (acetaminophen / oxycodone)""I’m a Disabled Veteran who has had 13 knee surgeries of these are included the removal of the patella in each knee and since 2015 my right knee has been replaced 2x I’m currently prescribed Percocet 5/325 at 2 per day. I find this medication is more than capable of controlling my pain."""
Yasmin,Acne,9,"""It takes a while to work, but for me, it has worked wonders! And personally, no side effects."""
Abilify,Depression,10,"""My girlfriend is being helped tremendously.   But the only complaint is pill size.  My dr gave me 10mg, I take a half pill.  Tiniest thing ever...lol"""
Junel,Birth Control,7,"Lo Loestrin Fe (ethinyl estradiol / norethindrone)""Since being on LOLO I had spotting the first month and never got a period after that, even on the placebo pills. It has heightened my anxiety and I do experience nausea, but I also got nauseous on my period before lolo so its not a huge complaint. I've never thrown up on the pill and I used to throw up after Alesse which is a higher dose. I'm choosing to stop LOLO as not having a period when your active and not having confirmation of not being pregnant does not keep me at ease. Other wise it is a good low dose option."""
Misoprostol,AbortionOff-label,10,"""I had to leave a review because I can't believe how bad some of these are. Some sound so scarey and I don't want people to read these and get scared off. First, pain medication does NOT interfere with this. I was 5 weeks. I was given first dose in office & prescribed nausea meds, 800mg Ibprofen and Tramadol. 24 hours later I took the nausea meds & ibprofen an hour before I put the 4 pills in between my gums and cheek. I had started light spotting. 30 minutes later I swallowed what was left of pills. Within 15 min passed a lemon sized clot. Cramping was like a bad period. I did take 1 tramadol & it made me sleepy. I used a heating pad & had one bout of diarrhea, no nausea. I passed small clots and have been bleeding but no other large clots. I have a follow up ultrasound to confirm it worked. This wasn't as bad as some of the  other reviewers experienced and I want people to know that everyone will have a different experience."""
Budesonide,Ulcerative Colitis,1,"Uceris (budesonide)""Tried this twice for flares prior to Prednisone while on Lialda as my main med. Didn't work for me at all. If anything it made flares worse. Only Prednisone helped clear the flares."""
Dexamethasone,"Nausea/Vomiting, Chemotherapy Induced",10,"""I have stage 2 gastric cancer and receive FLOT chemotherapy. I receive dexamethasone IV on the day of chemo and take 4 mg orally the following morning. I also take ondansetron 8 mg three times a day as needed. I have not had any issues with vomiting and my nausea is well controlled. The only side effect I have is insomnia on those days I receive dexamethasone. I am not diabetic so I have no issues with blood glucose."""
Hydroxychloroquine,Rheumatoid Arthritis,10,"Plaquenil (hydroxychloroquine)""I am a 72 year old female, diagnosed with RA 6 years ago.  I took Plaquenil (200x2) from 2012-2016, along with Prednisone to start.  Due to the fact, I could not use my hands because of the swelling, I risked the possible vision problems.  By 2012, symptom free and still fearful of vision loss, I stopped the drug.
   I was pain and symptom free for one year, but now symptoms have returned, and I have been told to restart the drug(no prednisone.)  In the 4 years taking it, I went from 95 lbs. to 85 lbs., lost a significant amount of  hair, had cataract surgery and, now, macular degeneration.  The decision to restart is extremely emotionally stressful, weighing the benefits against the risk. (Dr. says neither eye problem was caused by the drug"""
Morphine,Chronic Pain,8,"MS Contin (morphine)""Had been on time release OxyContin, 20 mg., 2x daily for 2.5 years for severe neuropathy and arthritis in both feet.  But insurance changed and had to switch to MS Contin's generic, Morphine ER, 30mg., twice a day.  Was dubious this would be as effective as OxyContin, but has worked like a charm!  Been on it for a year now, same dosage. Before time-release pain meds, I was in SO much pain.  Now, I'm nearly pain free and its given me my life back.  I can't do too much strenuous walking, but can do things like run errands or take my daughter to the mall.  I'm in the process of talking to my dr. about something for breakthrough pain, which hits when I overdo it, or sometimes around the 10 hour mark, and have 2 hours to wait."""
Cymbalta,Osteoarthritis,3,"""This drug over time took away all emotional feelings. I could witness a accident and instead of being concerned I wasn't even phased. I found myself being cold and blunt with people. I was also suffering from crazy head and body sweats. Random but always severe. My Blood Pressure went through the roof. I lost ALL sexual desire to be with my wife or any woman. I'm blessed my wife stuck by me. Fatigue was also severe. I could sleep 12 hours and wake up feeling like I worked a 12hr midnight shift. After two years and age 43 I am starting to come off of it. My dose of 60mg has been reduced to 30mg and the sweating is gone, BP stabilized and energy returning. 

The main reason I suffered through the drug so long because it did help my Osteo. Right now is sooner suffer with pain and tend to my wife's physical needs like I once loved doing."""
Tirzepatide,"Diabetes, Type 2",9,"Mounjaro (tirzepatide)""After my second injection I lost 8 lbs using healthy diet."""
Pregabalin,Generalized Anxiety DisorderOff-label,9,"""Great"""
Dulaglutide,Cardiovascular Risk Reduction,10,"Trulicity (dulaglutide)""I've been taking it for a couple of months now and have zero side effects, except when I eat fatty or sugary foods. I will get sick to my stomach and vomit. However, I don't mind it as it serves as a wake-up call! It keeps me aware of what I should not be eating in the first place. I hope it will continue to help with my blood sugar levels and weight loss. I am grateful for this medicine. Thank you!"""
Protonix,GERD,10,"""Since my early twenties (I am mid 50s now) I have had great difficulty swallowing with a feeling that something was stuck in my throat, followed by esophageal spasms, followed by projectile vomiting of stomach acid. Episodes could last for up to 10 hours. I've been hospitalized several times while have sever episodes of uncontrollable spasms/vomiting for hours.
I was misdiagnosed for decades, had my throat stretched by laparoscopy/balloons periodically and tried a variety of medications. Nothing helped. I was extremely underweight from not being able to eat for so many years. 
Finally, a doctor put me on Protonix and it was a miracle. Unbelievably life changing. My only complaint was I gained 20 lbs in the first year I was on it. I take it twice a day and can eat whatever I like with no reaction."""
Saxenda,Weight Loss (Obesity/Overweight),9,"""My Dr. gave me a sample to try as  I have gained 100lbs in the last 3 years with no reason as to why. So I started taking the injections on a low dose it lasted a little over 1 week and I lost 9 to 10 pounds. I can not get my insurance to cover and I can not afford it without help. My Dr. gave me 2 more samples trying to encourage the weight loss so far 22lbs of weight but I ran out last week we have begged and pleaded for the insurance to cover but no luck. I think this would be cheaper than Gastric Bypass surgery as the Dr. said would be my next course if I cant lose the weight. """
Azelastine,Allergic Rhinitis,10,"""Instant relief for me.  Stuffed up nose, unable to breathe.   I have been reluctant to use because of all the comments about horrible aftertaste.  Thank you to all of you who have described the proper way to use azelastine, which is.  Bend your head over (forward), point nozzle toward your ear and spray while breathing in though nose and exhale though mouth, remain bent over for 30 seconds.  I guess I got lucky, no bad aftertaste at all.  So refreshing to be able to have both sinuses clear and working 100%."""
Bisacodyl,Constipation,3,"Dulcolax (bisacodyl)""I have bowel issues and have taken miralax on occasion with some relief but decided to try Dulcolax today...

The pain is unbearable. Cramps and nausea should be stated on the box as  it main effects with constipation Relief as a 3rd derivative side effect.  

I would highly recommend this to anyone who enjoys cramps and wants to be up all night throwing up. I’ve been searching far and wide for a solution for the painful cramps... but can’t find any because almost every review just talks about dying or comparing the feeling to childbirth. Thank you Dulcolax I will no longer be having children because I cannot comprehend bearing this pain again."""
Doxepin,Insomnia,1,"""Tried 10 mg 3 nights in a row. Stayed awake literally all night. Not helpful for sleep."""
